,tweet,label
0, ,real
1,rt,real
2,this,fake
3,we,fake
4,indiafightscorona,real
5,november,fake
6,actress,fake
7,iranian,fake
8,our,real
9,today,real
10,126,real
11,image,fake
12,speakerpelosi,fake
13,5,fake
14,to,real
15,alabama,fake
16,news,fake
17,70,real
18,new,real
19,raymond,fake
20,image,fake
21,there,real
22,be,real
23,the,real
24,the,real
25,univcordoba,fake
26,as,real
27,correction,real
28,cardiac,real
29,kowheori19,real
30,do,real
31,rt,real
32,luvhopecourage,real
33,covid19,fake
34,writer,fake
35,japanese,fake
36,social,fake
37,orwell,fake
38,indiafightscorona,real
39,indiafightscorona,real
40,indiafightscorona,real
41,a,fake
42,as,real
43,as,fake
44,a,fake
45,a,fake
46,video,fake
47,as,real
48,morris1k,fake
49,coronavirus,fake
50,paulreiddublin,fake
51,lemon,fake
52,currently,real
53,sexcounsele,fake
54,I,fake
55,video,fake
56,coronavirusupdates,real
57,ontario,fake
58,day,fake
59,438,real
60,yesterday,real
61,1186,real
62,current,real
63,a,real
64,a,fake
65,yes,real
66,if,real
67,at,fake
68,riccisergienko,real
69,the,real
70,indiafightscorona,real
71,if,real
72,rt,real
73,the,fake
74,a,fake
75,parent,real
76,florida,real
77,be,fake
78,indiafightscorona,real
79,a,real
80,three,real
81,shaskell12,real
82,rajesharao,fake
83,it,real
84,trump,fake
85,croatian,fake
86,india,fake
87,nashville,fake
88,texas,real
89,clinical,fake
90,more,real
91,while,real
92,federal,fake
93,a,fake
94,coronavirus,real
95,equitable,real
96,sinclair,fake
97,hospital,real
98,temperature,fake
99,covid19,real
100,pub,real
101,japanese,fake
102,a,real
103,how,real
104,news,fake
105,claim,fake
106,late,real
107,our,real
108,lockdown,fake
109,north,fake
110,the,real
111,as,fake
112,indiafightscorona,real
113,south,real
114,as,real
115,our,real
116,germany,fake
117,the,real
118,delay,real
119,do,fake
120,americans,fake
121,one,real
122,bioweapon,fake
123,acc,real
124,the,real
125,the,fake
126,cdc,real
127,there,real
128,widely,fake
129,thankful,real
130, ,real
131,the,real
132,news,fake
133,coronavirus,fake
134,the,fake
135,that,real
136,chloroquine,fake
137,in,real
138,why,fake
139,a,fake
140,just,real
141,dr,fake
142,police,fake
143,cuba,fake
144,rt,real
145,great,fake
146,at,real
147,rt,real
148,barack,fake
149,biden,fake
150,two,real
151,coronavirusupdates,real
152,indiafightscorona,real
153,garysaintdooley,real
154,old,real
155,base,real
156,coronavirus,fake
157,joebiden,fake
158,one,real
159,social,real
160,an,fake
161,a,fake
162,we,real
163,americans,fake
164,erscongress,real
165,the,real
166,a,fake
167,rt,real
168,president,fake
169,russia,fake
170,not,fake
171,for,real
172,massive,real
173,one,fake
174,an,real
175,ground,fake
176,265,real
177,be,fake
178,the,real
179,new,real
180,24,real
181,go,fake
182,covid19,fake
183,rt,real
184,this,real
185,a,real
186,population,fake
187,the,real
188,start,fake
189,indiafightscorona,real
190,rt,real
191,kamalaharris,fake
192,133,real
193,resident,real
194,tobacco,real
195,coronavirusupdates,real
196,cdc,real
197,fear,real
198,a,fake
199,mask,real
200,rt,real
201,indiafightscorona,real
202,vaccine,fake
203,say,fake
204,the,real
205,as,real
206,coronavirusupdates,real
207,apple,fake
208,cocaine,fake
209,who,fake
210,who,fake
211,jennifer,fake
212,indiafightscorona,real
213,3,real
214,the,real
215,donald,fake
216,a,fake
217,gune,fake
218,new,fake
219,the,fake
220,covid19,fake
221,viral,fake
222,coronavirus,fake
223,the,real
224,shadow,real
225,melania,fake
226,late,fake
227,say,fake
228,new,fake
229,chair,real
230,prof,real
231,work,real
232,we,real
233,test,real
234,as,real
235,hospitalize,real
236,2340,real
237,woman,fake
238,ravenrider2020,fake
239,contact,real
240,olly,fake
241,video,fake
242,there,real
243,usb,fake
244,the,real
245,every,fake
246,vitamin,real
247,trudeau,fake
248,as,real
249,india,fake
250,some,real
251,some,real
252,coronavirus,fake
253,prime,fake
254,coronavirusupdates,real
255,president,fake
256,majority,real
257,donald,fake
258,there,fake
259,god,fake
260,the,real
261,coronavirus,fake
262,as,real
263,rt,real
264,our,real
265,london,real
266,post,fake
267,eight,real
268,you,real
269,the,real
270,more,real
271,in,real
272,covid19,real
273,coronavirus,real
274,the,real
275,nio,fake
276,covid19,fake
277,new,fake
278,for,fake
279,people,fake
280,our,real
281,a,fake
282,indiafightscorona,real
283,another,real
284,florida,fake
285,as,real
286,do,real
287,the,fake
288,scientist,real
289,tasuku,fake
290,monday,real
291,denmark,fake
292,bill,fake
293,have,fake
294,trump,fake
295,the,real
296,indiafightscorona,real
297,the,real
298,say,fake
299,joe,fake
300,an,fake
301,fda,fake
302,ok,real
303,the,real
304,few,fake
305,the,fake
306,indiafightscorona,real
307,the,fake
308,parent,real
309,violate,fake
310,jackie,fake
311,rt,real
312,bollywood,fake
313,help,fake
314,the,fake
315,spread,real
316,indiafightscorona,real
317,image,fake
318,break,fake
319,wear,real
320,our,real
321,the,fake
322,the,fake
323,rt,real
324,44,real
325,if,real
326,our,real
327,european,fake
328,italian,fake
329,coronavirusupdate,real
330,cindy,fake
331,dps,fake
332,therefore,real
333,the,fake
334,president,fake
335,in,real
336,a,fake
337,omarkelly,fake
338,protect,real
339,democratic,fake
340,covid19,fake
341,state,real
342,timeline,fake
343,in,real
344,texas,fake
345,2,real
346,people,fake
347,the,fake
348,half,fake
349,mayan,fake
350,donald,fake
351,indiafightscorona,real
352,news,fake
353,covid,real
354,this,fake
355,indiafightscorona,real
356,thank,real
357,seven,real
358,in,fake
359,president,fake
360,a,fake
361,say,fake
362,reposte,real
363,we,real
364,coronavirus,fake
365,video,fake
366,video,fake
367,an,real
368,captshaktilumba,fake
369,entire,fake
370,the,fake
371,a,fake
372,the,fake
373,florida,fake
374,coronavirus,fake
375,kentucky,fake
376,here,real
377,coronavirus,real
378,school,real
379,vaccine,fake
380,our,real
381,coronavirusupdates,real
382,scripps,fake
383,481,real
384,the,fake
385,indiafightscorona,real
386,salwar,fake
387,must,fake
388,to,fake
389,every,real
390,picture,fake
391,picture,fake
392,china,fake
393,claim,fake
394,multiple,fake
395,the,fake
396,joewasserman,real
397,news,fake
398,arizonas,real
399,scientist,fake
400,denmark,fake
401,indiafightscorona,real
402,the,fake
403,as,real
404,an,real
405,this,real
406,a,fake
407,state,real
408,news,fake
409,our,real
410,gate,fake
411,patient,real
412,490,real
413,colloidal,fake
414,indiafightscorona,real
415,a,fake
416,man,fake
417,dearicaitake,fake
418,coronavirus,real
419,trump,real
420,as,real
421,italy,fake
422,as,real
423,trump,fake
424,rt,real
425,hcp,real
426,nyt,fake
427,the,real
428,one,real
429,fda,real
430,cbs,fake
431,the,real
432,delibrolawrence,fake
433,the,fake
434,a,real
435,corona,fake
436,death,real
437,condom,fake
438,coronavirusupdates,real
439,trump,fake
440,singapore,fake
441,mahesh10816,fake
442,a,fake
443,ikaveri,fake
444,in,fake
445,as,real
446,biomagnetism,fake
447,chanel,fake
448,every,fake
449,researcher,real
450,as,real
451,if,fake
452,dhfwka,fake
453,indiafightscorona,real
454,corona,fake
455,coronavirus,fake
456,a,fake
457,garda,fake
458,the,real
459,indiafightscorona,real
460,coronavirus,real
461,so,fake
462,new,fake
463,the,real
464,for,real
465,amoxi,fake
466,indiafightscorona,real
467,claim,fake
468,even,real
469,since,real
470,tanzanian,fake
471,new,fake
472,reserve,fake
473,covid19,fake
474,video,fake
475,rt,real
476,when,real
477,science,real
478,study,real
479,brazil,real
480,saint,fake
481,nurse,real
482,coronavirus,real
483, ,real
484,our,real
485,first,fake
486,our,real
487,as,real
488,we,real
489,coronavirusupdates,real
490,typically,fake
491,news,fake
492,there,real
493,coronavirus,fake
494,speaker,fake
495,trump,fake
496,rt,real
497,update,real
498,indiafightscorona,real
499,disney,fake
500,the,fake
501,italian,fake
502,rt,real
503,our,real
504,the,real
505,a,fake
506,indiafightscorona,real
507,in,fake
508,I,fake
509,foreign,real
510,we,real
511,the,real
512,rt,real
513,say,fake
514,chaddystacksdfs,fake
515,as,real
516,break,fake
517,coronavirus,real
518,thank,real
519,our,real
520,newly,real
521,do,fake
522,38,fake
523,the,real
524,our,real
525,our,real
526,update,real
527,chair,real
528,our,real
529,mask,fake
530,coronavirus,real
531,say,fake
532,mix,fake
533,as,fake
534,the,fake
535,44,real
536,creatiwit,real
537,bill,fake
538,all,fake
539,we,fake
540,the,fake
541,anthony,fake
542,rt,real
543,the,real
544,no,fake
545,the,real
546,an,real
547,ultrarich,fake
548,california,real
549, ,real
550,who,fake
551,328,real
552,record,fake
553,study,real
554,the,real
555,the,real
556,late,real
557,getting,real
558,covid19,fake
559,coffee,fake
560,new,fake
561,a,fake
562,a,fake
563,vladimir,fake
564,tulisa,fake
565,667,real
566,when,real
567,do,fake
568,among,real
569,donald,fake
570,under,fake
571,image,fake
572,until,real
573,aside,fake
574,acc,real
575,3we,real
576,be,real
577,since,real
578,death,real
579,covid19,real
580,there,fake
581,donald,fake
582,trudeau,fake
583,coronavirusupdates,real
584,that,real
585,indiafightscorona,real
586,coronavirusupdates,real
587,sign,real
588,news,fake
589,state,real
590,while,fake
591,coronavirus,real
592,while,real
593,indiafightscorona,real
594,case,real
595,rt,real
596,another,real
597,import,fake
598,1,real
599,bill,fake
600,329,real
601,the,real
602,mere,fake
603,it,fake
604,a,fake
605,uk,real
606,the,fake
607,our,real
608, ,real
609,and,real
610,our,real
611,relax,fake
612,madagascar,fake
613,a,fake
614,harvard,fake
615,454,real
616,little,real
617,there,real
618,indiafightscorona,real
619,the,fake
620,mask,real
621,as,real
622,new,fake
623,this,real
624,republicans,fake
625,president,fake
626,update,real
627,this,real
628,yesterday,real
629,late,real
630,horrific,fake
631,how,fake
632,high,real
633,new,real
634,a,fake
635,jburnmurdoch,fake
636,the,fake
637,one,real
638,arizona,real
639,the,real
640,the,real
641,coronaviru,real
642,we,real
643,say,fake
644,indiafightscorona,real
645,mesenchymal,real
646,allowance,fake
647,chinese,fake
648,the,fake
649,as,real
650,trey,fake
651,there,real
652,rt,real
653,each,fake
654,a,fake
655,to,real
656,cristiano,fake
657,break,fake
658,video,fake
659,they,fake
660,indian,fake
661, ,real
662,health,real
663,between,real
664,trump,fake
665,health,real
666,a,real
667,53,fake
668,donald,fake
669,there,real
670,chloroquine,fake
671,thought,real
672,break,real
673,the,fake
674,president,fake
675,household,fake
676,deep,real
677,ten,fake
678,critique,real
679,shand,fake
680,few,fake
681,there,real
682,across,real
683,our,real
684,this,fake
685,there,fake
686,break,fake
687,presssec,fake
688,coronavirusupdate,real
689,tory,real
690,although,real
691,a,fake
692,bollywood,fake
693,paul,fake
694,there,real
695,the,fake
696,a,fake
697,in,fake
698,our,real
699,ppi,real
700,as,real
701,base,real
702,be,real
703,acc,real
704,giniminimanemo,real
705,amid,fake
706,the,fake
707,video,fake
708,do,real
709,the,real
710,nursing,real
711,hindu,fake
712,emmawehipeihana,real
713,covid19,real
714,be,real
715,claim,fake
716,a,fake
717,a,fake
718,over,fake
719,autohemotherapy,fake
720,sreesub,real
721,can,fake
722,we,fake
723,we,fake
724,nurse,fake
725,note,fake
726,after,fake
727,why,real
728,rt,real
729,rt,real
730,remanagarajan,real
731,robinmonotti,fake
732,the,real
733,an,fake
734,google,fake
735,dr,fake
736,the,real
737,do,real
738,late,fake
739,yesterday,real
740,newjersey,real
741,outbreak,fake
742,say,fake
743,world,fake
744,july,real
745,covid,real
746,state,real
747,a,fake
748,the,real
749,a,fake
750,wearamask,real
751,the,fake
752,unmasked,fake
753,how,fake
754,about,real
755,american,fake
756,rt,real
757,as,real
758,test,real
759,our,real
760,high,fake
761,the,real
762,eightysix,real
763,a,fake
764,our,real
765,news,fake
766,israels,fake
767,type,real
768,there,real
769,drjudyamikovit,fake
770,reliance,fake
771,citizen,fake
772,trump,fake
773,indian,fake
774,its,real
775,there,real
776,president,fake
777,coronavirus,fake
778,video,fake
779,I,fake
780,arizona,real
781,the,fake
782,consume,fake
783,the,real
784,post,fake
785,top,real
786, ,real
787,a,fake
788,an,fake
789,today,real
790,rt,real
791,who,fake
792,ravikundurthi,real
793,projectlincoln,fake
794,while,fake
795,mean,fake
796,our,real
797,on,real
798,an,real
799,say,fake
800,coronavirus,fake
801,3,fake
802,as,real
803,mas,real
804,government,fake
805,rt,fake
806,the,fake
807,during,fake
808,new,real
809,say,fake
810,michigan,fake
811,news,fake
812,here,fake
813,of,real
814,video,fake
815,there,real
816,rt,real
817,as,real
818,this,real
819,part,real
820,although,real
821,a,fake
822,this,real
823,tmccormick,real
824,a,fake
825,339,real
826,6,real
827,official,real
828,indiafightscorona,real
829,rt,real
830,437,real
831,rt,real
832,indian,fake
833,accord,real
834,the,fake
835,multiple,fake
836,sadly,real
837,whether,real
838,1,real
839,say,fake
840,large,real
841,the,real
842,trump,fake
843,a,fake
844,thread,real
845,child,fake
846,as,real
847,sign,fake
848,there,real
849,a,fake
850,yesterday,real
851,if,fake
852,ireland,real
853,for,real
854,649,real
855,the,real
856,covid19,fake
857,one,real
858,contact,real
859,new,fake
860,as,real
861,the,fake
862,president,fake
863,social,fake
864,pharmacological,fake
865,londoner,real
866,rt,real
867,factchecke,fake
868,indiafightscorona,real
869,pet,fake
870,israeli,fake
871,nancy,fake
872,new,real
873,kill,fake
874,we,real
875,the,real
876,as,real
877,china,fake
878,rt,fake
879,indiafightscorona,real
880,tanuj7sagar,real
881,rt,real
882,indiafightscorona,real
883,coronavirusupdates,real
884,turkish,fake
885,irish,fake
886,vermont,real
887,this,real
888,opinion,fake
889,in,fake
890,the,fake
891,a,fake
892,final,real
893,rt,real
894,the,real
895,a,fake
896,as,real
897,a,fake
898,coronavirus,real
899,a,fake
900,dad,fake
901,importantinformation,fake
902,they,real
903,speech,fake
904,iranian,fake
905,the,real
906,new,fake
907,cdc,fake
908,the,fake
909,rex,fake
910,amazing,fake
911,we,fake
912,we,real
913,polish,fake
914,msrightmsright,fake
915,the,fake
916,17,fake
917,finally,real
918,a,fake
919,a,fake
920,at,real
921,glenmark,fake
922,if,fake
923,do,real
924,we,real
925,our,real
926,a,fake
927,our,real
928,it,real
929,we,real
930,have,fake
931,together,real
932,in,fake
933,a,fake
934,the,fake
935,president,fake
936,grow,fake
937,an,fake
938,paraguayan,fake
939,a,real
940,ginger,fake
941,no,fake
942,hcps,real
943,while,real
944,sadly,real
945,162,real
946,a,fake
947,trump,fake
948,chronic,real
949,my,fake
950,state,real
951,indiafightscorona,real
952,the,real
953,hcps,real
954,be,fake
955,nz,real
956,evinindia,real
957,chinas,fake
958,when,fake
959,indiafightscorona,real
960,serological,fake
961,the,real
962,death,real
963,34,real
964,the,fake
965,health,real
966,a,fake
967,georgia,real
968,an,real
969,indian,fake
970,and,real
971,the,real
972,mass,fake
973,sabrinabia3,fake
974,we,real
975,we,fake
976,the,fake
977,connecticut,real
978, ,real
979,229,real
980,india,real
981,update,real
982,a,real
983,with,real
984,facebook,fake
985,free,fake
986,state,real
987,coronavirus,fake
988,so,fake
989,pronxt,real
990,new,real
991,coronavirusupdates,real
992,the,fake
993,corona,fake
994,in,fake
995,accord,fake
996,claim,fake
997,the,fake
998,bollywood,fake
999,guam,real
1000,death,real
1001,rt,real
1002,russians,fake
1003,at,real
1004,chief,real
1005,donald,fake
1006,first,fake
1007,the,real
1008,rt,real
1009,in,real
1010,these,real
1011,a,real
1012,a,fake
1013,governor,fake
1014,pm,real
1015,350,real
1016,texas,real
1017,its,real
1018,factchecke,fake
1019,our,real
1020,break,fake
1021,ultraviolet,fake
1022,the,real
1023,vitamin,fake
1024,nigerians,fake
1025,late,real
1026,they,fake
1027,update,real
1028,a,fake
1029,update,real
1030, ,real
1031,if,real
1032,news,fake
1033,rt,real
1034,1645,real
1035,you,real
1036,diary,fake
1037,to,real
1038,this,real
1039,trump,fake
1040,my,fake
1041,593,real
1042,announce,real
1043,a,real
1044,coronavirus,real
1045,clarification,real
1046,a,fake
1047,coronavirus,fake
1048,a,fake
1049,rt,real
1050,1178,real
1051,game,fake
1052,scary,real
1053,coronavirus,real
1054,would,fake
1055,aggressive,real
1056,a,fake
1057,pcr,fake
1058,we,real
1059,there,real
1060,rglobalism,real
1061,rt,real
1062,accord,fake
1063,a,fake
1064,yesterday,real
1065,rt,real
1066,if,real
1067,kryziamarie,fake
1068,the,fake
1069,the,fake
1070,if,fake
1071,claim,fake
1072,there,fake
1073,rt,real
1074,one,real
1075,death,real
1076,such,real
1077,one,real
1078,dog,fake
1079,a,fake
1080,indiafightscorona,real
1081,indiafightscorona,real
1082,update,real
1083,for,real
1084,people,fake
1085,last,real
1086,alert,fake
1087,a,fake
1088,more,real
1089,coronacheck,fake
1090,prince,fake
1091,I,fake
1092,bill,fake
1093,there,real
1094,155,real
1095,marvin,fake
1096,say,fake
1097,a,fake
1098,a,fake
1099,be,real
1100,the,real
1101,its,fake
1102,this,real
1103,in,real
1104,image,fake
1105,50year,fake
1106,fauci,real
1107,we,real
1108,truth,fake
1109,claim,fake
1110,donor,real
1111,daily,real
1112,to,real
1113,coronavirus,real
1114,the,fake
1115,the,fake
1116,a,fake
1117,acute,fake
1118,delay,real
1119,an,real
1120,at,real
1121,new,real
1122,philippines,fake
1123,we,real
1124,this,real
1125,the,real
1126,we,fake
1127,more,real
1128,pulmonary,real
1129,be,fake
1130,as,fake
1131,with,real
1132,among,real
1133,indiafightscorona,real
1134,ellie,fake
1135,2,real
1136,no,real
1137,our,real
1138,standard,real
1139,our,fake
1140,we,real
1141,our,real
1142,a,real
1143, ,real
1144,queen,fake
1145,covid19,fake
1146,recovery,real
1147,our,real
1148,say,fake
1149,india,fake
1150,the,fake
1151,rt,real
1152,indiafightscorona,real
1153,rt,real
1154,realdonaldtrump,fake
1155,say,fake
1156,covid19,fake
1157,as,real
1158,who,fake
1159,news,fake
1160,a,fake
1161,462,real
1162,claim,fake
1163,thirtyfour,real
1164,rt,real
1165,please,real
1166,piltdown,fake
1167,covid19,real
1168,with,real
1169,jsolomonreport,fake
1170,in,real
1171,a,fake
1172,rt,real
1173,say,fake
1174,covid19,fake
1175,say,fake
1176,update,real
1177,skin,real
1178,the,fake
1179,the,fake
1180,those,fake
1181,people,fake
1182,rt,real
1183,our,real
1184,philippines,fake
1185,doctor,fake
1186,on,real
1187,mild,real
1188,mislead,fake
1189,three,real
1190,new,real
1191,indiafightscorona,real
1192,myanmar,fake
1193,dr,fake
1194,kevinlyfather,fake
1195,we,real
1196,three,real
1197,high,real
1198,hightouch,real
1199,indiafightscorona,real
1200,this,real
1201,researcher,fake
1202,the,real
1203,the,fake
1204,coronavirus,fake
1205,a,fake
1206,late,real
1207,coronavirusupdate,real
1208,inhale,fake
1209,israel,fake
1210,rt,real
1211,social,fake
1212,our,real
1213,our,real
1214,here,real
1215,there,fake
1216,man,fake
1217,publication,real
1218,not,fake
1219,there,real
1220,do,real
1221,germany,fake
1222,metformin,real
1223,mumbais,fake
1224,as,real
1225,we,real
1226,devbhatt,real
1227,a,fake
1228,nancy,fake
1229,who,fake
1230,indiantelecommunication,fake
1231,the,real
1232,a,fake
1233,the,fake
1234,important,fake
1235,we,fake
1236,with,real
1237,right,real
1238,california,real
1239,see,fake
1240,update,real
1241,video,fake
1242,13,real
1243,kate,fake
1244,give,real
1245,the,fake
1246,338,real
1247,another,real
1248,85,real
1249,indiafightscorona,real
1250,guntote,fake
1251,serbian,fake
1252,rt,real
1253,confuse,fake
1254,in,real
1255,we,real
1256,now,real
1257,about,real
1258,case,real
1259,for,real
1260,the,real
1261,man,fake
1262,infuse,real
1263,the,real
1264,protect,real
1265,coronavirus,real
1266,cnbc,fake
1267,vicrollison,fake
1268,with,real
1269,the,real
1270,china,fake
1271,567,fake
1272,indiafightscorona,real
1273,321,real
1274,brahmin,fake
1275,indiafightscorona,real
1276,hospital,real
1277,herd,fake
1278,senate,fake
1279,fourteen,real
1280,the,fake
1281,daily,real
1282,bit,real
1283,so,real
1284,russia,fake
1285,indiafightscorona,real
1286,coronavirusupdate,real
1287,indian,fake
1288,dr,fake
1289,yesterday,real
1290,for,real
1291,coronavirusupdates,real
1292,indiafightscorona,real
1293,say,fake
1294,covid,real
1295,nasal,fake
1296,coronavirusupdates,real
1297,the,real
1298,after,fake
1299,a,real
1300,american,fake
1301,coronavirus,fake
1302,testing,real
1303,indian,fake
1304,if,fake
1305,indiafightscorona,real
1306,our,real
1307,a,fake
1308,health,real
1309,eight,real
1310,wevotedtoleave,fake
1311,from,real
1312,20,fake
1313,a,fake
1314,the,real
1315,a,real
1316,amitabh,fake
1317,an,fake
1318,covid,real
1319,be,real
1320,inference,real
1321,indiafightscorona,real
1322,look,real
1323,we,fake
1324,news,fake
1325,indiafightscorona,real
1326,dawood,fake
1327,1651,real
1328,indiafightscorona,real
1329,icymi,real
1330,108,real
1331,trump,fake
1332,covid19,fake
1333,coronavirus,real
1334,demi,fake
1335,civil,fake
1336, ,real
1337,as,real
1338,the,fake
1339,561,real
1340,as,real
1341,collect,real
1342,papua,fake
1343,the,real
1344,india,fake
1345,rt,real
1346,angela,real
1347,some,real
1348,local,fake
1349,bjp,fake
1350,a,fake
1351,news,fake
1352,covid19,real
1353,a,fake
1354,our,real
1355,prescription,fake
1356,in,fake
1357,coronavirusupdates,real
1358,raffi,real
1359,another,real
1360,a,fake
1361,new,real
1362,a,fake
1363,yes,fake
1364,416,real
1365,gates,fake
1366,the,fake
1367,alanlcit,real
1368,we,real
1369,if,fake
1370,death,real
1371,if,real
1372,do,fake
1373,the,fake
1374,leader,real
1375,late,real
1376,a,fake
1377,same,fake
1378,this,fake
1379,alert,fake
1380,bharat,fake
1381,coronavirusupdates,real
1382,mexiwi,real
1383,news,fake
1384,as,fake
1385,news,fake
1386,canadian,fake
1387,set,real
1388,mayor,real
1389,new,real
1390,another,fake
1391,3,real
1392,for,real
1393,president,fake
1394,pakistani,fake
1395,say,fake
1396,canadas,fake
1397,there,real
1398,as,real
1399,this,real
1400,however,real
1401,news,fake
1402,the,real
1403,doctor,fake
1404,dr,real
1405,video,fake
1406,xanderarmstrong,fake
1407,only,fake
1408,press,fake
1409,paraguays,fake
1410,angry,fake
1411,cole,real
1412,coronaviru,real
1413,peterwa97559477,real
1414,rightwe,fake
1415,there,fake
1416,the,real
1417,if,fake
1418,covid19,fake
1419,rtpcr,real
1420,this,real
1421,in,real
1422,matt,real
1423,goi,real
1424,our,real
1425,runny,fake
1426,our,real
1427,we,real
1428,cut,fake
1429,breathe,fake
1430,rt,real
1431,drink,fake
1432,covid19,real
1433,skin,fake
1434,reporter,fake
1435,moderna,real
1436,photo,fake
1437,rt,real
1438,why,fake
1439,govt,fake
1440,india,fake
1441,hillary,fake
1442,a,fake
1443,what,fake
1444,coronavirusupdates,real
1445,the,real
1446,our,real
1447,we,real
1448,I,fake
1449,we,real
1450,covid,fake
1451,since,real
1452,indiafightscorona,real
1453,a,fake
1454,in,fake
1455,many,real
1456,if,real
1457,it,real
1458,update,real
1459,daily,real
1460,sadly,real
1461,we,real
1462,sao,fake
1463,wetherspoon,real
1464,indiafightscorona,real
1465,ted,fake
1466,rt,real
1467,progressive,fake
1468,rt,real
1469,490,real
1470,our,real
1471,tmccormick,real
1472,local,fake
1473,the,fake
1474, ,real
1475,mouthwash,fake
1476,rt,real
1477,coronavirus,real
1478,the,fake
1479,take,real
1480,multisystem,real
1481,barack,fake
1482,our,real
1483,please,real
1484,indiafightscorona,real
1485,indiafightscorona,real
1486,indiafightscorona,real
1487,as,real
1488,people,fake
1489,as,real
1490,we,real
1491,as,fake
1492,note,real
1493,coronavirus,fake
1494,only,fake
1495,rt,real
1496,indiafightscorona,real
1497,infected1,real
1498,a,real
1499,more,real
1500,rt,real
1501,as,real
1502,bill,fake
1503,just,real
1504,preexist,real
1505,critical,real
1506,indiafightscorona,real
1507,our,real
1508,9,fake
1509,pawan90311,real
1510,pence,fake
1511,scientist,fake
1512,rt,real
1513,our,real
1514,update,real
1515,the,real
1516,226,real
1517,the,fake
1518,the,fake
1519,a,fake
1520,late,real
1521,at,fake
1522,new,fake
1523,indiafightscorona,real
1524,a,fake
1525,you,real
1526,there,real
1527,people,real
1528,a,fake
1529,a,fake
1530,the,fake
1531, ,real
1532,uk,real
1533,our,real
1534,but,real
1535,today,real
1536,coronavirusupdates,real
1537,all,real
1538,a,real
1539,today,real
1540,we,real
1541,coronavirus,fake
1542,when,real
1543,rt,real
1544,4523i5,real
1545,our,real
1546,sadly,real
1547,the,fake
1548,yesterday,real
1549,a,fake
1550,rt,real
1551,almost,real
1552,first,fake
1553,netflix,fake
1554,17,real
1555,country,fake
1556,in,fake
1557,a,real
1558,airline,fake
1559,death,real
1560,canada,fake
1561,coronavirus,real
1562,as,real
1563,indian,fake
1564,video,fake
1565,multiple,fake
1566,indiafightscorona,real
1567,justintrudeau,fake
1568,that,real
1569,queen,fake
1570,us,fake
1571,amtrehan,fake
1572,to,real
1573,1000,real
1574,qanon,fake
1575,our,real
1576,man,fake
1577,germany,fake
1578,143,real
1579,we,real
1580,trump,fake
1581,a,real
1582,last,real
1583,the,real
1584,a,real
1585,a,fake
1586,guatemalan,fake
1587,indiafightscorona,real
1588,our,real
1589,by,fake
1590,trump,fake
1591,australian,fake
1592,risk,real
1593,rt,real
1594,democrats,fake
1595,I,fake
1596,rt,real
1597,there,real
1598,the,fake
1599,rt,real
1600,the,fake
1601,news,fake
1602,news,fake
1603,24,real
1604,we,real
1605,jeanine,fake
1606,ratan,fake
1607,a,fake
1608,do,fake
1609,coronavirus,fake
1610,together,real
1611,as,real
1612,indiafightscorona,real
1613,18,fake
1614,long,real
1615,we,real
1616,to,real
1617,on,real
1618,work,real
1619,er,real
1620,this,fake
1621,a,fake
1622,we,real
1623,us,fake
1624,the,real
1625,drink,fake
1626,as,real
1627,a,fake
1628,accord,fake
1629,chinese,fake
1630,an,fake
1631,news,fake
1632,its,real
1633,the,fake
1634,president,fake
1635,indiafightscorona,real
1636,cdcs,real
1637,tabligi,fake
1638,no,fake
1639,we,real
1640,a,fake
1641,nigeria,real
1642,this,fake
1643,if,real
1644,a,real
1645,vila,fake
1646,guess,fake
1647,bruno,fake
1648,while,real
1649,update,real
1650,faucian,fake
1651,clearly,fake
1652,as,real
1653,there,real
1654,mum,fake
1655,indiafightscorona,real
1656,social,fake
1657,research,fake
1658,govt,fake
1659,who,fake
1660,coronavirusupdates,real
1661,34,real
1662,take,real
1663,if,real
1664,say,fake
1665,675,real
1666,person,fake
1667,a,fake
1668,expert,fake
1669,renowned,fake
1670,a,fake
1671,infection,real
1672,almost,real
1673,under,fake
1674,the,real
1675,new,fake
1676,covid19,real
1677,factchecke,fake
1678,the,real
1679,snikwah37,real
1680,brazilian,fake
1681,dr,fake
1682,rt,real
1683,trump,fake
1684,of,real
1685,saleyhaahsan,real
1686,clinician,real
1687,we,real
1688,a,real
1689,coronavirus,real
1690,the,fake
1691,453,real
1692,a,real
1693,its,real
1694,rt,real
1695,claim,fake
1696,release,fake
1697,take,real
1698,covid19surge,real
1699,state,real
1700,news,fake
1701,our,real
1702,rt,real
1703,acc,real
1704,organize,fake
1705,brasilian,fake
1706,over,real
1707,on,real
1708,create,real
1709,currently,real
1710,death,fake
1711,13,real
1712,a,fake
1713,doctor,fake
1714,this,real
1715,do,fake
1716,arizona,real
1717,death,real
1718,viral,fake
1719,confirm,fake
1720,complete,real
1721,pension,fake
1722,the,fake
1723,this,real
1724,five,real
1725,break,fake
1726,take,real
1727,pak,fake
1728,burger,fake
1729,quotes,fake
1730,coronavirus,real
1731,I,fake
1732,claim,fake
1733,people,fake
1734,the,fake
1735,us,fake
1736,307,real
1737,rt,fake
1738,photo,fake
1739,if,real
1740,so,fake
1741,confirm,fake
1742,school,real
1743,garlic,fake
1744,8th,fake
1745,president,fake
1746,a,fake
1747,kiwibardy,real
1748,the,real
1749,get,real
1750,hantavirus,fake
1751,president,fake
1752,accord,fake
1753,indiafightscorona,real
1754,population,fake
1755,its,fake
1756,trumps,fake
1757,there,fake
1758,as,real
1759,hold,fake
1760,bolivia,fake
1761,the,fake
1762,thankfully,real
1763,tectonic,fake
1764,coronavirus,fake
1765,texas,real
1766,do,real
1767,the,fake
1768,the,fake
1769,this,real
1770,as,real
1771,university,fake
1772,ivankatrump,fake
1773,quotes,fake
1774,white,fake
1775,facebook,fake
1776,coronavirus,real
1777,a,fake
1778,rt,real
1779,barotrauma,real
1780,take,fake
1781,yesterday,real
1782,can,real
1783,in,real
1784,as,real
1785,cover,real
1786,senate,fake
1787,cdc,real
1788,different,real
1789,president,fake
1790,it,real
1791,see,fake
1792,a,fake
1793,philippines,fake
1794,your,fake
1795,people,fake
1796,however,real
1797,rt,real
1798,its,fake
1799,the,real
1800,facebook,fake
1801,a,fake
1802,the,fake
1803,be,real
1804,coronavirus,fake
1805,wear,fake
1806,photo,fake
1807,autopsy,fake
1808,our,real
1809,israeli,fake
1810,as,real
1811,new,fake
1812,there,real
1813,test,fake
1814,no,fake
1815,a,fake
1816,unicef,fake
1817,with,real
1818,the,fake
1819,we,fake
1820,in,real
1821,school,real
1822, ,real
1823,state,real
1824,rt,real
1825,knowthefact,real
1826,retractionhydroxychloroquine,fake
1827,a,real
1828,drop,real
1829,as,fake
1830,a,fake
1831,populous,real
1832,cdcmmwr,real
1833,olympic,fake
1834,image,fake
1835,as,real
1836,covid,real
1837,as,real
1838,twt2abhi,real
1839,a,fake
1840,who,real
1841,indiafightscorona,real
1842,arizona,real
1843,evidence,real
1844,president,fake
1845,the,fake
1846,bill,fake
1847,amid,fake
1848,new,real
1849,in,fake
1850,with,fake
1851,joe,fake
1852,today,real
1853,prince,fake
1854,as,real
1855,a,fake
1856,health,real
1857,the,fake
1858,toronto,fake
1859,yayitsrob,real
1860,north,real
1861,the,real
1862,how,real
1863,the,fake
1864,indiafightscorona,real
1865,664,real
1866,today,real
1867,sri,fake
1868,if,real
1869,indiafightscorona,real
1870,david,fake
1871,a,fake
1872,and,real
1873,clinician,real
1874,drink,fake
1875,some,real
1876,boyac,fake
1877,school,real
1878,rt,real
1879,there,fake
1880,on,real
1881,a,fake
1882,laboratory,real
1883,news,fake
1884,h1n1,fake
1885,what,fake
1886,steam,fake
1887,new,real
1888,constant,fake
1889,brazilian,fake
1890,fox,fake
1891,australia,real
1892,netflixs,fake
1893,the,fake
1894,number,fake
1895,a,real
1896,rt,real
1897,our,real
1898,transparency,real
1899,coronavirus,fake
1900,so,fake
1901,after,fake
1902,hhs,real
1903,in,real
1904,indiafightscorona,real
1905,the,real
1906,god,fake
1907,pedro,fake
1908,president,fake
1909,as,real
1910,trump,fake
1911,the,real
1912,grocery,fake
1913,if,fake
1914,man,fake
1915,we,real
1916,day2lockdown,fake
1917,this,fake
1918,coronavirusupdates,real
1919,its,real
1920,californias,real
1921,integrate,real
1922,doctor,fake
1923,update,real
1924,eat,fake
1925,indiafightscorona,real
1926,kowheori19,real
1927,rt,real
1928,there,fake
1929,bill,fake
1930,over,real
1931,I,fake
1932,a,fake
1933,yesterday,real
1934,today,real
1935,a,fake
1936,seanmdav,fake
1937,a,fake
1938,with,fake
1939,emas,real
1940,rt,real
1941,aggressive,real
1942,not,fake
1943,a,fake
1944,it,real
1945,econstandard,fake
1946,indiafightscorona,real
1947,the,real
1948,till,real
1949,another,real
1950,vinlew,real
1951,all,fake
1952,covid19,real
1953,covid19,real
1954,by,fake
1955,ease,real
1956,our,real
1957,initial,real
1958,cdc,real
1959,the,real
1960,coronavirus,fake
1961,local,fake
1962,blow,fake
1963,our,real
1964,kroger,fake
1965,we,real
1966,our,real
1967,covid19,real
1968,clemson,fake
1969,as,real
1970,the,real
1971,nine,real
1972,I,fake
1973,sir,real
1974,kanika,fake
1975,its,real
1976,yesterday,real
1977,test,real
1978,trump,fake
1979,three,fake
1980,we,real
1981,some,real
1982,fauci,real
1983,many,real
1984,so,fake
1985,coronavirusupdates,real
1986,fed,real
1987,coronavirus,real
1988,you,real
1989,paramilitary,fake
1990,clinician,real
1991,as,fake
1992,coronavirus,real
1993,this,fake
1994,dr,real
1995,news,fake
1996,when,real
1997,two,real
1998,the,real
1999,bill,fake
2000,covid,real
2001,say,fake
2002,dear,fake
2003,our,real
2004,fruit,fake
2005,a,fake
2006,I,fake
2007,prime,real
2008,new,real
2009,news,fake
2010,claim,fake
2011,indiafightscorona,real
2012,president,fake
2013,deficient,fake
2014,indiafightscorona,real
2015,indiafightscorona,real
2016,a,fake
2017,icymi,fake
2018,a,fake
2019,can,fake
2020,the,fake
2021,parent,real
2022,government,fake
2023,finally,real
2024,practice,real
2025,there,fake
2026,over,fake
2027,coronavirusupdates,real
2028,the,fake
2029,justinhart,real
2030,the,fake
2031,true,fake
2032,59,fake
2033,chinese,fake
2034,covid19,real
2035,rt,real
2036,mauritius,real
2037,andhra,fake
2038,canada,fake
2039,also,real
2040,attractive,fake
2041,the,real
2042,govt,fake
2043,few,fake
2044,people,fake
2045,people,fake
2046,in,real
2047,the,real
2048,kytheanticomguy,fake
2049, ,real
2050,news,fake
2051,a,fake
2052,as,fake
2053,chinese,fake
2054,indiafightscorona,real
2055,coronavirusupdate,real
2056,a,fake
2057,follow,real
2058,in,real
2059,look,real
2060,a,fake
2061,gilead,real
2062,when,fake
2063,so,real
2064,at,real
2065,sanitary,fake
2066,cnni,fake
2067,the,real
2068,pompeo,fake
2069,our,real
2070,cardiac,real
2071,coronavirusupdates,real
2072,the,fake
2073,this,fake
2074,at,fake
2075,homeopathic,fake
2076,datum,real
2077,imtherealdmac,real
2078,say,fake
2079,I,fake
2080, ,fake
2081,5,real
2082,this,fake
2083,assassination,fake
2084,would,fake
2085,can,fake
2086,with,real
2087,chinas,fake
2088,156,real
2089,break,fake
2090,if,real
2091,our,real
2092,look,real
2093,coronavirus,real
2094,why,real
2095,say,fake
2096,if,real
2097,wash,real
2098,the,real
2099,break,fake
2100,georgia,real
2101,the,real
2102,coronavirusupdate,real
2103,madhukishwar,fake
2104,originator,fake
2105,rural,real
2106,news,fake
2107,on,real
2108,if,fake
2109,63400,real
2110,local,fake
2111,indiafightscorona,real
2112,footballer,fake
2113,I,real
2114,coronavirus,real
2115,and,real
2116,rt,real
2117,coronavirusupdates,real
2118,italy,fake
2119,jamal,fake
2120,pope,fake
2121,people,real
2122,661,real
2123,our,real
2124,in,fake
2125,as,real
2126,developer,fake
2127,coronavirusupdates,real
2128,in,fake
2129,expert,fake
2130,say,fake
2131,china,fake
2132,indiafightscorona,real
2133,rt,real
2134,there,real
2135,almost,real
2136,unused,fake
2137,asymptomatic,real
2138,rt,real
2139,italian,fake
2140,doctor,real
2141,as,real
2142,the,real
2143,a,fake
2144,rt,real
2145,late,real
2146,our,real
2147,our,real
2148,hospital,fake
2149,diary,fake
2150,video,fake
2151,hcps,real
2152,with,real
2153,the,fake
2154,indiafightscorona,real
2155,also,fake
2156,covid,fake
2157,picture,fake
2158,cdc,fake
2159,these,real
2160,coronavirusupdates,real
2161,black,fake
2162,last,fake
2163,michigan,real
2164,the,real
2165,victorian,fake
2166,as,real
2167,use,real
2168,we,real
2169, ,real
2170,a,fake
2171,hselive,fake
2172,rt,real
2173,realdonaldtrump,fake
2174,but,fake
2175,covid19,fake
2176,this,real
2177,aamir,fake
2178,our,real
2179,american,fake
2180,pediatric,real
2181,the,real
2182,update,real
2183,rt,real
2184,late,real
2185,a,fake
2186,wildfire,real
2187,the,real
2188,wuhan,fake
2189,our,real
2190,87,real
2191,survey,real
2192,one,real
2193,indiafightscorona,real
2194,giles7452,fake
2195,as,real
2196,we,fake
2197,do,fake
2198,dcgi,real
2199,as,real
2200,our,real
2201,rt,real
2202,none,real
2203,you,fake
2204,be,real
2205,pjpaton,fake
2206,news,fake
2207,you,real
2208,bancheneproduct,real
2209,this,fake
2210,autopsy,fake
2211,if,fake
2212,video,fake
2213,flu,fake
2214,young,fake
2215,a,fake
2216,update,real
2217,indiafightscorona,real
2218,alexharv074,fake
2219,there,fake
2220,why,real
2221,image,fake
2222,india,real
2223,a,fake
2224,nigerias,real
2225,akira,fake
2226,erwillia,real
2227,britain,real
2228,our,real
2229,every,fake
2230,african,fake
2231,after,fake
2232,drink,fake
2233,be,real
2234,cyborgnot,real
2235,indiafightscorona,real
2236,this,fake
2237,covid,real
2238,our,real
2239,rt,real
2240,how,real
2241,one,real
2242,qq,fake
2243,it,real
2244,nicola,real
2245,only,real
2246,ucla,real
2247,indiafightscorona,real
2248,our,real
2249,news,fake
2250,enhance,fake
2251,wear,fake
2252,lastly,real
2253,shriduttrao,real
2254,coroanvirus,real
2255,the,real
2256,fatherbob,fake
2257,as,real
2258,indian,fake
2259,our,real
2260,a,fake
2261,covid19,real
2262,our,real
2263,ease,real
2264,as,real
2265,the,fake
2266,a,fake
2267,a,fake
2268,essential,real
2269,the,real
2270,as,real
2271,continuous,fake
2272,coronavirusupdate,real
2273,trump,fake
2274,ppe,real
2275,continue,real
2276,corona,fake
2277,covid19,real
2278,mask,real
2279,also,real
2280,for,real
2281,president,fake
2282,break,fake
2283,rt,real
2284,covid19,real
2285,claim,fake
2286,case,real
2287,say,fake
2288,220,real
2289,coronavirusupdates,real
2290,indiafightscorona,real
2291,putin,fake
2292,news,fake
2293,the,fake
2294,there,real
2295,happen,fake
2296,any,fake
2297,we,real
2298,president,fake
2299,the,real
2300,rt,real
2301,indiafightscorona,real
2302,demonstrator,real
2303,our,real
2304,why,real
2305,coronavirus,fake
2306,our,real
2307,vaccine,fake
2308,a,fake
2309,while,real
2310,update,real
2311,pmoindia,fake
2312,yesterday,real
2313,the,fake
2314,it,real
2315,but,real
2316,climatekids2,real
2317,our,real
2318,lesamitchell,real
2319,death,fake
2320,use,real
2321,eight,real
2322,never,real
2323,its,real
2324,indian,fake
2325,there,real
2326,if,real
2327,madagascar,fake
2328,factcheck,fake
2329,this,fake
2330,as,fake
2331,youth,real
2332,maduro,fake
2333,the,real
2334,coronavirus,real
2335,the,fake
2336,a,fake
2337,rt,real
2338,evin,real
2339,a,fake
2340,david,fake
2341,coronavirusupdates,real
2342,arbidol,fake
2343,man,fake
2344,for,real
2345,cuban,fake
2346,a,fake
2347,coronavirus,real
2348,ncdcinthenews,real
2349,politically,fake
2350,report,fake
2351,indiafightscorona,real
2352,in,fake
2353,tanzania,fake
2354,rt,real
2355,recover,real
2356,increase,fake
2357,say,fake
2358,when,fake
2359,indian,fake
2360,3,fake
2361,underrate,fake
2362,our,real
2363,our,real
2364,ufc,fake
2365,evander,fake
2366,389,real
2367,indiafightscorona,real
2368,rt,real
2369,chicagosmayor,fake
2370,710,real
2371,covid19,real
2372,indiafightscorona,real
2373, ,real
2374,hcp,real
2375,indiafightscorona,real
2376,of,real
2377,there,real
2378,italy,fake
2379,label,fake
2380,the,real
2381,do,real
2382,madagascar,fake
2383,trump,fake
2384,news,fake
2385,132,real
2386,a,fake
2387,video,fake
2388,the,real
2389,demand,fake
2390,news,fake
2391,the,real
2392,the,real
2393,say,fake
2394,indiafightscorona,real
2395,93,fake
2396,indiafightscorona,real
2397,mask,fake
2398,my,fake
2399,the,fake
2400,canada,fake
2401,our,real
2402,indiafightscorona,real
2403,the,fake
2404,outofthedarkage,fake
2405,hydroxychloroquine,real
2406,the,fake
2407,the,real
2408,chinese,fake
2409,daniel,fake
2410,33,real
2411,coronavirus,fake
2412,rt,real
2413,as,real
2414,covid19,fake
2415,when,fake
2416,standby,real
2417,who,fake
2418,unless,fake
2419,prattle,fake
2420,update,real
2421,wash,fake
2422,say,fake
2423,the,fake
2424,the,real
2425,nationally,real
2426,yesterday,real
2427,for,real
2428,a,fake
2429,china,fake
2430,study,fake
2431,the,real
2432,harvard,fake
2433,60,fake
2434,mine,fake
2435,justice,real
2436,testing,real
2437,an,real
2438,today,real
2439,pantherman45,real
2440,a,fake
2441,face,real
2442,65,fake
2443,a,real
2444,our,real
2445,there,real
2446,with,fake
2447,the,real
2448,of,real
2449,rt,real
2450,there,real
2451,sometimes,real
2452,drharshvardhan,real
2453,the,real
2454,it,real
2455,nice,real
2456,who,real
2457,910,real
2458,today,real
2459,the,fake
2460,the,fake
2461,people,fake
2462,covid19,real
2463,as,real
2464,its,real
2465,our,real
2466,a,fake
2467,authority,fake
2468,if,real
2469,video,fake
2470,because,fake
2471,news,fake
2472,flu,fake
2473,indiafightscorona,real
2474,there,real
2475,a,fake
2476,443,real
2477,the,fake
2478,more,fake
2479,an,fake
2480,good,fake
2481,state,real
2482,covid19,fake
2483,a,fake
2484,fmohnigeria,real
2485,taiwanese,fake
2486,there,real
2487,most,real
2488,I,fake
2489,they,fake
2490,rt,real
2491,clearly,fake
2492,image,fake
2493,quote,fake
2494,before,real
2495,publichealthreport,real
2496,vermont,real
2497,the,fake
2498,the,real
2499,shopper,fake
2500,there,real
2501,reopen,real
2502,nebraska,real
2503,do,fake
2504,yesterday,real
2505,amid,real
2506,a,fake
2507,our,real
2508,new,real
2509,nashville,fake
2510,an,fake
2511,in,real
2512,most,real
2513,rt,real
2514,kenyan,fake
2515,pm,fake
2516,you,fake
2517,a,real
2518,manage,real
2519,rt,real
2520,sisi,fake
2521,viral,fake
2522,as,real
2523,georgia,fake
2524,wuhan,fake
2525,baileinis,fake
2526,camila,fake
2527,old,fake
2528,a,fake
2529,no,fake
2530,there,real
2531,acc,real
2532,female,real
2533,the,real
2534,nsci,fake
2535,a,fake
2536,by,real
2537,underlying,real
2538,5,fake
2539,many,real
2540,the,fake
2541,there,real
2542,indiafightscorona,real
2543,however,real
2544,people,fake
2545,labours,real
2546,such,real
2547,386,real
2548,we,real
2549,a,fake
2550,news,fake
2551,world,fake
2552,in,fake
2553,alabama,real
2554,covid19,real
2555,a,fake
2556,the,real
2557,the,real
2558, ,real
2559,underlying,real
2560,myrtle,fake
2561,herd,fake
2562,as,fake
2563,donald,fake
2564,covid19,real
2565,there,real
2566,the,fake
2567,claim,fake
2568,covid19,real
2569,coronavirusupdate,real
2570,new,fake
2571,queens,fake
2572,a,fake
2573,our,real
2574,over,real
2575,note,real
2576,terrify,fake
2577,test,real
2578,rt,real
2579,scream,fake
2580,imdanthompson,fake
2581,care,real
2582,fenugreek,fake
2583,briton,real
2584,195,real
2585,joe,fake
2586,the,real
2587,say,fake
2588,saint,fake
2589,news,fake
2590,there,real
2591,fifty,real
2592,coronavirusupdates,real
2593,for,fake
2594,dead,fake
2595,coronavirusupdate,fake
2596,in,fake
2597,jobless,fake
2598,coronavirus,real
2599,91,real
2600,claim,fake
2601,a,fake
2602,forty,fake
2603,covid19,fake
2604,rt,real
2605,new,real
2606,meanwhile,real
2607,cdc,real
2608,photo,fake
2609,coronaviru,fake
2610,several,real
2611,followlasg,real
2612,mosquito,fake
2613,here,real
2614,bbmp,fake
2615,prince,fake
2616,if,real
2617,hcps,real
2618,if,real
2619,old,real
2620,indiafightscorona,real
2621,we,fake
2622,health,fake
2623,an,fake
2624,10,fake
2625,rt,real
2626,an,fake
2627,6,real
2628,many,real
2629,chitraaum,fake
2630,as,real
2631,you,fake
2632,rt,real
2633,452,real
2634,who,fake
2635,a,fake
2636,a,fake
2637,195,real
2638,acc,real
2639,trump,fake
2640,the,fake
2641,rt,real
2642,our,real
2643,indiafightscorona,real
2644,photo,fake
2645,242,real
2646,from,fake
2647,rt,real
2648,child,real
2649,neem,fake
2650,our,real
2651,dallas,fake
2652,this,real
2653,that,real
2654,the,fake
2655,india,fake
2656,the,fake
2657,death,real
2658,say,fake
2659,over,fake
2660,under,fake
2661,mess,fake
2662,new,real
2663,rock,fake
2664,they,real
2665,indiafightscorona,real
2666,cybertiiger,real
2667,orwell,fake
2668,as,real
2669,we,real
2670,indiafightscorona,real
2671,still,real
2672,after,fake
2673,vaccine,real
2674,pelotas,fake
2675,warm,fake
2676,a,fake
2677,nancy,fake
2678,army,fake
2679,I,fake
2680,icmr,real
2681,the,fake
2682,hundred,fake
2683,very,real
2684,maharashtra,fake
2685,covid19,fake
2686,mcdonald,fake
2687,coronavirusupdates,real
2688,photograph,fake
2689,today,real
2690,c4etech,fake
2691,country,fake
2692,argentinian,fake
2693,indiafightscorona,real
2694,18,real
2695,a,fake
2696,italian,fake
2697,a,fake
2698,this,fake
2699,the,fake
2700,finally,fake
2701,as,real
2702,please,real
2703,indiafightscorona,real
2704,the,real
2705,yesterday,real
2706,our,real
2707,a,fake
2708,today,real
2709,brazilian,fake
2710,the,real
2711,dr,fake
2712,cdc,fake
2713,everyone,real
2714,the,real
2715,olympics,fake
2716,a,real
2717,henry,fake
2718,all,fake
2719,brazil,real
2720,today,real
2721,our,real
2722,medical,fake
2723,fan,fake
2724,604,real
2725,case,real
2726,prince,real
2727,963,fake
2728,chrisleenders1,fake
2729,I,fake
2730,coronavirusupdates,real
2731,nice,real
2732,coronavirus,fake
2733,the,fake
2734,if,real
2735,indiafightscorona,real
2736,I,fake
2737,return,real
2738,yesterday,real
2739,cdc,fake
2740,use,fake
2741,the,real
2742,tomorrow,real
2743,wuhan,fake
2744,rt,real
2745,this,real
2746,alabama,real
2747,take,fake
2748,restaurant,real
2749,coronavirus,fake
2750,new,real
2751,ancient,fake
2752,update,real
2753,our,real
2754,mans,fake
2755,when,real
2756,our,real
2757,swintersection,real
2758,text,fake
2759,as,real
2760,rt,fake
2761,I,real
2762,drink,fake
2763,who,fake
2764,the,real
2765,senatedem,fake
2766,susankilfoy,fake
2767,reduce,fake
2768,obama,fake
2769,angela,real
2770,fox,fake
2771,coronavirus,real
2772,a,fake
2773,in,fake
2774,infointerest,real
2775,how,fake
2776,a,fake
2777,indiafightscorona,real
2778,indian,fake
2779,claim,fake
2780,rt,real
2781,in,real
2782,it,real
2783,anyone,real
2784,countin,fake
2785,18,real
2786,12,real
2787,ncaa,fake
2788,be,fake
2789,coronavirus,fake
2790,both,fake
2791,italy,fake
2792,coronavirusupdate,real
2793,update,real
2794,fakenewsalert,fake
2795,major,fake
2796,photo,fake
2797,be,fake
2798,four,real
2799,coronavirusupdates,real
2800,it,real
2801,connecticut,real
2802,the,real
2803,rt,real
2804,roberto,fake
2805,everyone,real
2806,migrant,fake
2807,news,fake
2808,israel,fake
2809,cdc,fake
2810,indiafightscorona,real
2811,update,real
2812,aintropy,real
2813,state,real
2814,there,real
2815,a,fake
2816,in,fake
2817,a,fake
2818,as,real
2819,covid19,fake
2820,wearespartan,fake
2821,muradabad,fake
2822,israel,fake
2823,coronavirusupdate,real
2824,floridas,real
2825,follow,fake
2826,dialysis,real
2827,dr,fake
2828,india,fake
2829,our,real
2830,news,fake
2831,indiafightscorona,real
2832,bill,fake
2833,peep,fake
2834,rt,real
2835,at,fake
2836,the,real
2837,people,fake
2838,support,real
2839,rt,real
2840,staff,real
2841,nasa,fake
2842,rt,fake
2843,penny,fake
2844,an,fake
2845,fact,fake
2846,covid19nigeria,real
2847,india,fake
2848,college,fake
2849,say,fake
2850,burglar,fake
2851,in,fake
2852,indiafightscorona,real
2853,the,real
2854,not,fake
2855,georgia,real
2856,public,fake
2857,this,fake
2858,this,real
2859,coronavirusupdates,real
2860,cdc,real
2861,rt,real
2862,the,fake
2863,no,fake
2864,claim,fake
2865,we,real
2866,a,fake
2867,as,real
2868,there,real
2869,coronavirus,real
2870,multiple,fake
2871,the,fake
2872,covid19,fake
2873,many,real
2874,metformin,real
2875,on,real
2876,meet,fake
2877,an,fake
2878,in,real
2879,while,real
2880,we,fake
2881,coronavirus,real
2882,more,real
2883,340,real
2884,say,fake
2885,chicken,fake
2886,the,real
2887,muslim,fake
2888,indian,fake
2889,176,real
2890,update,real
2891,trump,real
2892,breakinghot,fake
2893,weekly,real
2894,new,real
2895,the,real
2896,to,real
2897,cindy,fake
2898,we,real
2899,rumour,fake
2900,myjourneymyself,fake
2901,there,fake
2902,new,real
2903,on,fake
2904,thank,fake
2905,the,fake
2906,some,fake
2907,no,real
2908,young,fake
2909,dbaerwald1,real
2910,our,real
2911,a,fake
2912,when,real
2913,the,real
2914,with,fake
2915,cdc,real
2916,one,real
2917,indiafightscorona,real
2918,new,real
2919,house,fake
2920,a,fake
2921,pub,real
2922,state,real
2923,rt,real
2924,rt,real
2925,first,real
2926,a,real
2927,a,fake
2928,late,real
2929,people,fake
2930,pool,real
2931,extremely,fake
2932,testing,real
2933,say,fake
2934,covid19,fake
2935,a,fake
2936, ,real
2937,patient,real
2938,post,fake
2939,rt,real
2940,indiafightscirona,real
2941,flu,fake
2942,people,fake
2943,herd,fake
2944,say,fake
2945,our,real
2946,a,fake
2947,wonder,real
2948,news,fake
2949,indiafightscorona,real
2950,a,fake
2951,floridas,real
2952,observe,real
2953,california,real
2954,indiafightscorona,real
2955,a,fake
2956,low,real
2957, ,real
2958,for,fake
2959,watch,real
2960,our,real
2961,indiafightscorona,real
2962,covid19,fake
2963,coronavirusupdate,real
2964,a,fake
2965,indiafightscorona,real
2966,trump,fake
2967,at,real
2968,hcps,real
2969,for,real
2970,there,fake
2971,urgent,real
2972,there,real
2973,coronavirus,fake
2974,deborahzinger,real
2975,sander,fake
2976, ,real
2977,nearly,fake
2978,overall,real
2979,our,real
2980,two,real
2981,help,real
2982,bill,fake
2983,do,fake
2984,coronavirusupdates,real
2985,jessnielsen55,real
2986,the,fake
2987,chandigarh,fake
2988,indiafightscorona,real
2989,we,real
2990,yesterday,real
2991,hand,fake
2992,breathe,fake
2993,yesterday,real
2994,coronavirusupdate,real
2995,the,real
2996,video,fake
2997,a,fake
2998,new,real
2999,pcr,fake
3000,indiafightscorona,real
3001,scientist,fake
3002,pfizer,real
3003,373,real
3004,as,fake
3005,chief,fake
3006,chinese,fake
3007,indiafightscorona,real
3008,wonder,real
3009,the,real
3010,there,real
3011,in,fake
3012,today,real
3013,coronavirus,real
3014,covid19nigeria,real
3015,coronavirus,real
3016,its,real
3017,a,fake
3018,date,real
3019,twentyone,real
3020,whether,real
3021,to,real
3022,on,real
3023,hcps,real
3024,update,real
3025,for,real
3026,rt,real
3027,a,fake
3028,covid19,real
3029,claim,fake
3030,ghanas,fake
3031,the,real
3032,virus,fake
3033,west,fake
3034,rt,real
3035,justin,fake
3036,the,real
3037,there,real
3038,as,fake
3039,false,fake
3040,as,real
3041,india,fake
3042,panic,fake
3043,man,fake
3044,indiafightscorona,real
3045,notre,fake
3046,the,real
3047,new,real
3048,pregnant,real
3049,there,real
3050,we,fake
3051,in,real
3052,three,real
3053,however,real
3054,in,real
3055,covid19nigeria,real
3056,today,real
3057,in,fake
3058,ramakrishna,fake
3059,our,real
3060,indiafightscorona,real
3061,parent,real
3062,indiafightscorona,real
3063,report,fake
3064,while,real
3065,ecmo,real
3066,indiafightscorona,real
3067,false,fake
3068,the,fake
3069,say,fake
3070,rt,real
3071,594,real
3072,we,real
3073,a,fake
3074,rt,real
3075,an,fake
3076,we,fake
3077,rt,real
3078,the,real
3079,video,fake
3080,state,fake
3081,coronavirusupdates,real
3082,an,fake
3083,the,real
3084,a,fake
3085,the,fake
3086,the,real
3087,odoylecharlotte,real
3088,woman,real
3089,new,real
3090,chief,fake
3091,coronavirusupdates,real
3092,canadas,fake
3093,rt,real
3094,indiafightscorona,real
3095,rt,real
3096,rickatwsnz,real
3097,corona,fake
3098,our,real
3099,goggle,real
3100,by,fake
3101,drink,fake
3102,base,real
3103,break,fake
3104,mike,fake
3105,news,fake
3106,laboratory,real
3107,covid19,real
3108,a,fake
3109,government,fake
3110,we,fake
3111,in,fake
3112,indias,fake
3113,whatsapp,fake
3114,sadly,real
3115,unfortunately,real
3116,the,fake
3117,thecyberdagger,fake
3118,a,real
3119,coronavirusupdates,real
3120,there,real
3121,we,real
3122,peterwa97559477,real
3123,in,fake
3124,michigan,fake
3125,maharashtra,fake
3126,2,real
3127,mask,fake
3128,news,fake
3129,although,real
3130,mum,fake
3131,a,fake
3132,florida,fake
3133,the,real
3134,our,real
3135,covid19,real
3136,covid19,real
3137,child,fake
3138,video,fake
3139,anubis,fake
3140,nih,real
3141,now,real
3142,the,real
3143,rt,real
3144,brooklyn,fake
3145,in,fake
3146,rt,real
3147,our,real
3148,mother,real
3149,old,real
3150,msnbc,fake
3151,china,fake
3152,news,fake
3153,this,real
3154,tonight,real
3155,be,real
3156,mike,fake
3157,alert,real
3158,indianarmy,fake
3159,the,real
3160,indias,fake
3161,indiafightscorona,real
3162,aimim,fake
3163,health,fake
3164,she,fake
3165,just,fake
3166,nurse,fake
3167,coronavirusupdates,real
3168,there,real
3169,cra,fake
3170,the,fake
3171, ,real
3172,where,fake
3173,the,real
3174,health,fake
3175,testing,real
3176,colombia,fake
3177,country,real
3178,coronavirusupdates,real
3179,over,fake
3180,karinaclaudiob,real
3181,our,real
3182,cabinet,real
3183,fda,fake
3184,realdonaldtrump,fake
3185,summer,fake
3186,our,real
3187,trump,fake
3188,they,real
3189,orgy,fake
3190,patient,real
3191,while,real
3192,re,real
3193,rt,real
3194,resident,fake
3195,lately,fake
3196,upside,fake
3197,rt,real
3198,augusto,fake
3199,the,real
3200,new,real
3201,nhk,fake
3202,there,real
3203,as,real
3204,police,fake
3205,this,real
3206,news,fake
3207,india,fake
3208,the,fake
3209,mama,fake
3210,hcps,real
3211,a,fake
3212,seventeen,real
3213,our,real
3214,2000,fake
3215,labour,real
3216,a,real
3217,mumbai,fake
3218,dozen,fake
3219,laborday,real
3220,2,real
3221,its,real
3222,dr,fake
3223,so,fake
3224,our,real
3225,news,fake
3226,the,fake
3227,news,fake
3228,extraordinary,real
3229,we,real
3230,the,real
3231,the,fake
3232,the,real
3233,american,fake
3234,some,real
3235,famous,fake
3236,be,real
3237,the,fake
3238,coronavirusupdates,real
3239,ophthalmologist,real
3240,this,fake
3241,trump,fake
3242,a,fake
3243,colombia,fake
3244,1,fake
3245,seasonal,fake
3246,picture,fake
3247,yesterday,real
3248,therealstoryplz,real
3249,here,real
3250,muslim,fake
3251,to,real
3252,five,real
3253,here,real
3254,presssec,fake
3255,researcher,fake
3256,dyk,real
3257,cdc,real
3258,sir,real
3259,khaleesyd,fake
3260,yes,real
3261,there,real
3262,who,real
3263,tucker,fake
3264,government,real
3265,245,real
3266,our,real
3267,the,fake
3268,metformin,real
3269,no,fake
3270,coronavirusupdates,real
3271,the,real
3272,rt,real
3273,in,fake
3274,baroness,real
3275,from,real
3276,a,fake
3277,acc,real
3278,you,fake
3279,the,real
3280,pangolin,fake
3281,doctor,fake
3282,the,fake
3283,accord,fake
3284,indiafightscorona,real
3285,a,fake
3286,587,real
3287,coronavirus,real
3288,update,real
3289,say,fake
3290,another,real
3291,empty,fake
3292,trump,fake
3293,the,fake
3294,false,fake
3295,goi,real
3296,bihar,real
3297,coronavirus,fake
3298,china,fake
3299,indiafightscorona,real
3300,indiafightscorona,real
3301,tesco,fake
3302,thirtyeight,real
3303,acc,real
3304,yesterday,real
3305,canadian,fake
3306,how,fake
3307,though,real
3308,chinese,fake
3309,post,fake
3310,the,fake
3311,who,real
3312,ok,real
3313,yesterday,real
3314,coronavirus,fake
3315,two,real
3316,daily,real
3317,india,fake
3318,there,fake
3319,we,real
3320,new,real
3321,president,fake
3322,cloth,real
3323,a,fake
3324,so,fake
3325,president,fake
3326,indian,fake
3327,rt,real
3328,a,fake
3329,as,fake
3330,united,fake
3331,be,fake
3332,a,fake
3333,since,real
3334,our,real
3335,chinese,fake
3336,the,real
3337,a,fake
3338,our,real
3339,sex,fake
3340,after,real
3341,mumbai,fake
3342,of,real
3343,a,fake
3344,new,real
3345,icmr,real
3346,the,fake
3347,elon,fake
3348,today,real
3349,people,fake
3350,this,real
3351,immigrant,fake
3352,the,real
3353,azimpremji,fake
3354,shadow,real
3355,there,real
3356,photo,fake
3357,we,real
3358,fake,fake
3359,the,fake
3360,all,fake
3361,322,real
3362,covid19,real
3363,trump,fake
3364,man,fake
3365, ,real
3366,more,real
3367,yesterday,real
3368,russia,fake
3369,a,fake
3370,broomeinwelly,real
3371,covid19,fake
3372,selfquarantined,fake
3373,man,fake
3374,the,real
3375,indian,fake
3376,a,real
3377,coronavirusupdate,real
3378,our,real
3379,the,fake
3380,a,fake
3381,observational,real
3382,as,real
3383,twitter,fake
3384,claim,fake
3385,indiafightscorona,real
3386,johnkubie,real
3387,as,real
3388,as,real
3389,the,real
3390,at,real
3391,acc,real
3392,a,fake
3393,over,real
3394,picture,fake
3395,as,real
3396,wisconsin,fake
3397,aggressive,real
3398,multiple,fake
3399,mitch,fake
3400,bharat,fake
3401,president,fake
3402,in,fake
3403,the,real
3404,strategy,real
3405,late,real
3406,neither,fake
3407,600,real
3408,gargle,fake
3409,while,real
3410, ,real
3411,a,fake
3412,scientist,real
3413,nba,fake
3414,a,fake
3415,microchip,fake
3416,coronavirus,fake
3417,the,real
3418,india,fake
3419,marshablackburn,fake
3420,we,real
3421,a,fake
3422,dad,fake
3423,russia,fake
3424,a,fake
3425,covid,real
3426,wearamask,real
3427,dr,fake
3428,there,real
3429,old,fake
3430,washington,fake
3431,covid19,fake
3432,putin,fake
3433,joy,fake
3434,indiafightscorona,real
3435,though,real
3436,in,fake
3437,indiafightscorona,real
3438,over,real
3439,more,real
3440,india,fake
3441,county,real
3442,cdc,fake
3443,cancelcacsexam,fake
3444,indiafightscorona,real
3445,lemon,fake
3446,our,real
3447,if,real
3448,stop,fake
3449,joe,fake
3450,the,fake
3451,the,fake
3452,due,real
3453,state,real
3454,new,fake
3455,amish,fake
3456,self,fake
3457,update,real
3458,new,fake
3459,so,fake
3460, ,real
3461,rt,real
3462,muslim,fake
3463,special,real
3464,foreign,real
3465,covid,real
3466,no,fake
3467,brazilian,fake
3468,sir,fake
3469,there,real
3470,scientist,fake
3471,chinese,fake
3472,former,fake
3473,group,real
3474,this,fake
3475,a,fake
3476,the,fake
3477,feb,fake
3478,governor,fake
3479,the,fake
3480,news,fake
3481,four,real
3482,the,fake
3483,the,fake
3484,our,real
3485,jorge,fake
3486,parent,real
3487,this,fake
3488,nicola,real
3489,coronavirusupdates,real
3490,64,real
3491,210,real
3492,indiafightscorona,real
3493,tunisian,fake
3494,if,real
3495,convalescent,real
3496,indiafightscorona,real
3497,place,fake
3498,one,real
3499,video,fake
3500,the,real
3501,one,real
3502,news,fake
3503,whenever,real
3504,who,real
3505,covid,fake
3506,indiafightscorona,real
3507,and,real
3508,the,real
3509,hydroxychloroqen,fake
3510,today,real
3511,today,fake
3512,our,real
3513,social,fake
3514,our,fake
3515,at,fake
3516,trump,fake
3517,99,fake
3518,if,fake
3519,us,fake
3520,john,real
3521,air,fake
3522,even,real
3523,clownvirus,fake
3524,2,real
3525,on,real
3526,the,real
3527,care,real
3528,doctor,fake
3529,bon,fake
3530,accord,fake
3531,special,fake
3532,if,fake
3533, ,fake
3534,herman,real
3535,will,fake
3536,covid19,fake
3537,a,fake
3538,as,real
3539,our,real
3540,our,real
3541,indian,fake
3542,image,fake
3543,israel,fake
3544,now,fake
3545,btk,real
3546,people,fake
3547,first,real
3548,brazil,fake
3549,indiafightscorona,real
3550,say,fake
3551,antiviral,real
3552,rt,real
3553,rt,real
3554,dwildemuth,real
3555,if,fake
3556,covid19,real
3557,maximum,real
3558,as,real
3559,rt,real
3560,covid,fake
3561,as,real
3562,image,fake
3563,rt,real
3564,seroprevalence,real
3565,since,real
3566,we,fake
3567,new,fake
3568,have,fake
3569,skys,real
3570,rt,real
3571,coronavirus,real
3572,man,fake
3573,for,real
3574,currently,real
3575,italian,fake
3576,despite,real
3577,dhs,fake
3578,nyc,real
3579,indiafightscorona,real
3580,the,fake
3581,a,real
3582,my,fake
3583,the,real
3584,meghalaya,fake
3585,in,fake
3586,politically,fake
3587,the,real
3588,new,real
3589,our,real
3590,you,fake
3591,eldano91633751,fake
3592,pope,fake
3593,both,real
3594,elisa,fake
3595,if,fake
3596,restriction,real
3597,government,fake
3598,this,real
3599,indiafightscorona,real
3600,transport,real
3601,the,real
3602,a,fake
3603,update,real
3604,marist,real
3605,as,real
3606,pescomediterranean,real
3607,rt,real
3608,coronaviru,real
3609,a,fake
3610,we,real
3611,coronavirus,fake
3612,you,real
3613,with,real
3614,the,real
3615,at,real
3616,our,real
3617,a,fake
3618,nick,real
3619,coronavirus,fake
3620,healthcare,real
3621,another,real
3622,coronavirus,fake
3623,as,real
3624,a,fake
3625,coronavirus,fake
3626,pre,fake
3627,trump,fake
3628,child,fake
3629,during,real
3630,a,real
3631,the,real
3632,indiafightscorona,real
3633,the,fake
3634,yesterday,fake
3635,we,real
3636,garlic,fake
3637,rt,real
3638,say,fake
3639,state,real
3640,mumbai,real
3641,not,fake
3642,audio,fake
3643,by,real
3644,emission,fake
3645, ,real
3646,anyone,real
3647,the,real
3648,video,fake
3649,170,real
3650,I,fake
3651,rt,real
3652,viral,fake
3653,covid19,fake
3654,important,fake
3655,our,real
3656,the,real
3657,president,fake
3658,patient,real
3659,covid19,real
3660,be,real
3661,image,fake
3662,dettol,fake
3663,idh,fake
3664,barack,fake
3665,as,real
3666,follow,fake
3667,after,fake
3668,dyk,real
3669,when,fake
3670,the,fake
3671,australian,fake
3672,the,real
3673,bidensoetoro,fake
3674,the,real
3675,we,real
3676,alert,fake
3677,coronavirus,fake
3678,457,real
3679,rt,real
3680,louisiana,real
3681,india,fake
3682,3,real
3683,ale,fake
3684,new,fake
3685,the,fake
3686,all,real
3687,floridas,real
3688,new,fake
3689,the,fake
3690,not,fake
3691,with,real
3692,pig,fake
3693,coronavirusupdates,real
3694,say,fake
3695,10,real
3696,coronavirusupdates,real
3697,the,fake
3698,indiafightscorona,real
3699,seven,fake
3700,newzealand,real
3701,coronavirus,real
3702,on,real
3703,aoc,fake
3704,an,fake
3705,state,real
3706,ten,fake
3707,announce,real
3708,the,real
3709,there,real
3710,rt,real
3711, ,real
3712,160,real
3713,india,real
3714,our,real
3715,this,real
3716,septateneuf,real
3717,14,fake
3718,contact,real
3719,old,real
3720,coronavirusupdates,real
3721,risk,fake
3722,coronavirusupdates,real
3723,rt,real
3724,new,fake
3725,rt,real
3726,newhampshire,real
3727,you,real
3728,the,fake
3729,a,fake
3730,south,fake
3731,senegalese,fake
3732,the,fake
3733,a,fake
3734,if,real
3735,our,real
3736,grow,real
3737,wear,real
3738,of,real
3739,keep,real
3740,a,fake
3741,please,real
3742,the,fake
3743,there,real
3744,yesterday,real
3745,shea,real
3746,base,real
3747,the,fake
3748,news,fake
3749,348,real
3750,coronaviruse,fake
3751,covid19,real
3752,brazilian,fake
3753,home,real
3754,if,fake
3755,today,real
3756,our,real
3757,as,real
3758,coronavirus,fake
3759,major,fake
3760,our,real
3761,there,real
3762,people,fake
3763,twitter,fake
3764,the,real
3765,coronavirusupdates,real
3766, ,real
3767,one,real
3768,although,real
3769,coronavirusupdates,real
3770,the,fake
3771,our,real
3772,tire,fake
3773,250,real
3774,another,real
3775,as,real
3776,to,real
3777,it,fake
3778,factcheck,fake
3779,the,fake
3780,a,fake
3781,the,real
3782,covid19,real
3783,indiafightscorona,real
3784,south,real
3785,the,fake
3786,video,fake
3787,coronavirus,real
3788,our,real
3789,photo,fake
3790,statistical,real
3791,russia,fake
3792,man,fake
3793,stoner,fake
3794,claim,fake
3795,aball001andrea,fake
3796,break,fake
3797,we,real
3798,a,fake
3799,as,real
3800,zombie,fake
3801,the,fake
3802,coronavirus,real
3803,a,real
3804,rt,real
3805,depend,real
3806,news,fake
3807,the,real
3808,well,real
3809,indiafightscorona,real
3810,they,fake
3811,analysis,fake
3812,a,fake
3813,I,fake
3814,look,fake
3815,parcel,fake
3816,we,real
3817,in,fake
3818,coronacorner,fake
3819, ,real
3820,deaths1564,real
3821,the,real
3822,fbi,fake
3823,people,real
3824,the,real
3825,man,fake
3826,do,real
3827,other,real
3828,political,fake
3829,cdcmmwr,real
3830,this,real
3831,an,fake
3832,two,real
3833,accord,real
3834,since,fake
3835,a,fake
3836,there,fake
3837,here,fake
3838,the,real
3839,quarantine,fake
3840,coronavirus,real
3841,the,real
3842,indiafightscorona,real
3843,indiafightscorona,real
3844,resident,real
3845,the,fake
3846,as,real
3847,there,real
3848,mother,fake
3849,as,real
3850,no,fake
3851,the,fake
3852,chinese,fake
3853,grim,real
3854,report,real
3855,president,fake
3856,ok,real
3857,icmr,real
3858,in,fake
3859,covid19,real
3860,the,fake
3861,ministry,real
3862,more,real
3863,this,fake
3864,and,real
3865,we,fake
3866,to,fake
3867,coronavirus,real
3868,jedward,fake
3869,joe,fake
3870,cumulative,real
3871,donald,fake
3872,our,real
3873,the,real
3874,a,fake
3875,the,fake
3876,stayathome,real
3877,rt,real
3878,we,real
3879,understand,real
3880,rt,fake
3881, ,real
3882,chlorine,fake
3883,all,fake
3884,be,real
3885,today,fake
3886,a,fake
3887,eleven,real
3888,vaccine,fake
3889,who,fake
3890,huge,fake
3891,rt,real
3892,coronavirusupdate,real
3893,while,real
3894,the,fake
3895,another,fake
3896,golf,fake
3897,pier,fake
3898,say,fake
3899,covid19,real
3900,text,fake
3901,people,fake
3902,we,real
3903,message,fake
3904,this,fake
3905,you,real
3906,dr,fake
3907,covid19,fake
3908,joe,fake
3909,unfortunately,real
3910,work,fake
3911,office,fake
3912,chief,fake
3913,ramnavmi,fake
3914,update,real
3915,untreated,real
3916,wonder,real
3917,some,real
3918,brazilian,fake
3919,rt,real
3920,because,fake
3921,indiafightscorona,real
3922,a,fake
3923,money,fake
3924, ,real
3925,for,real
3926,people,fake
3927,rent,fake
3928,former,fake
3929,intensive,real
3930,herd,fake
3931,film,fake
3932,bbc,fake
3933,tear,real
3934,those,fake
3935,prepare,real
3936,early,real
3937,late,real
3938,say,fake
3939,people,real
3940,I,fake
3941,state,real
3942,indiafightscorona,real
3943,an,fake
3944,hcp,real
3945,in,fake
3946,let,fake
3947,an,fake
3948,late,real
3949,californias,real
3950,if,fake
3951,the,fake
3952,decide,real
3953,the,fake
3954,thefred,fake
3955,facebook,fake
3956,gregmilamsky,real
3957,with,fake
3958,as,real
3959,bill,fake
3960,claim,fake
3961,as,real
3962,testing,fake
3963,you,real
3964,only,real
3965,if,real
3966,yesterday,real
3967,the,fake
3968,new,fake
3969,indian,fake
3970,lockdown,fake
3971,well,real
3972,rt,fake
3973,93,fake
3974,mr,fake
3975, ,real
3976,coronavirusupdates,real
3977,coronaviru,real
3978,lactancy,fake
3979,hear,real
3980,the,real
3981,utah,real
3982,three,real
3983,coronavirus,real
3984,medical,real
3985,chrisfairchild,real
3986,the,real
3987,indiafightscorona,real
3988,osmania,fake
3989,the,real
3990,icmr,real
3991,the,fake
3992,rt,real
3993,the,fake
3994,that,real
3995,the,real
3996,if,fake
3997,japanese,fake
3998,icymi,real
3999,a,fake
4000,indiafightscorona,real
4001,acc,real
4002,an,fake
4003,the,real
4004,rt,real
4005,if,fake
4006,disaster,fake
4007,a,fake
4008,brianstryker,real
4009,rt,real
4010,claim,fake
4011,nigella,fake
4012,as,real
4013,us,fake
4014,antiviral,real
4015,have,fake
4016,cctv,fake
4017,pool,real
4018,triump,fake
4019,the,fake
4020,as,real
4021, ,real
4022,the,real
4023,cardio,fake
4024,big,fake
4025,coronavirus,real
4026,member,fake
4027,the,fake
4028,coronavirusupdate,real
4029,our,real
4030,436,real
4031,indiafightscorona,real
4032,indiafightscorona,real
4033,rt,fake
4034,we,real
4035,president,fake
4036,82,fake
4037,news,fake
4038,south,fake
4039,pradhan,fake
4040,trump,fake
4041,covid19,fake
4042,pope,fake
4043,china,fake
4044,although,real
4045,trump,fake
4046,some,fake
4047,you,fake
4048,people,fake
4049,the,fake
4050,the,real
4051,seven,real
4052,rt,real
4053,if,real
4054,report,real
4055,nz,real
4056,feel,fake
4057,break,real
4058,late,real
4059,the,fake
4060,last,real
4061,familiafeeling,real
4062,rt,real
4063,there,fake
4064,audio,fake
4065,as,fake
4066,the,fake
4067,rt,real
4068,rt,real
4069,old,fake
4070,one,real
4071,bill,fake
4072,coronavirusupdates,real
4073,word,fake
4074,claim,fake
4075,a,fake
4076, ,real
4077,thing,fake
4078,even,real
4079,the,real
4080,president,fake
4081,kitchencone,real
4082,1,fake
4083,check,real
4084,kusaweir,fake
4085,covid19,real
4086,more,fake
4087,fox,fake
4088,be,real
4089,anybody,fake
4090,our,real
4091,coronavirus,fake
4092,the,real
4093,its,fake
4094,we,fake
4095,say,fake
4096,school,real
4097,joe,fake
4098,a,fake
4099,state,real
4100,darin,fake
4101,everyone,real
4102,as,real
4103,india,real
4104,queen,fake
4105,in,real
4106,the,fake
4107,rt,real
4108,the,fake
4109,smoker,real
4110,broiler,fake
4111,at,real
4112,cdcmmwr,real
4113,indiafightscorona,real
4114,colorful,fake
4115,nz,real
4116,at,real
4117,author,fake
4118,indiafightscorona,real
4119,take,real
4120,river,fake
4121,india,fake
4122,donald,fake
4123,we,real
4124,kmccready,real
4125,indiafightscorona,real
4126,base,real
4127,csp911,real
4128,father,real
4129,for,fake
4130,indiafightscorona,real
4131,nigeria,real
4132,regard,fake
4133,herd,fake
4134,george,fake
4135,rt,real
4136,indiafightscorona,real
4137,the,real
4138,worried,real
4139,coronavirusupdates,real
4140,810,real
4141,13464,real
4142,the,fake
4143,the,real
4144,as,real
4145,ontheground,real
4146,while,real
4147,facebook,fake
4148,kamala,fake
4149,prime,real
4150,give,fake
4151,image,fake
4152,a,fake
4153,yatezy84,fake
4154,and,fake
4155,a,real
4156,cdcmmwr,real
4157,a,fake
4158,mask,real
4159,false,fake
4160,wndlb,real
4161,indiafightscorona,real
4162,schedule,fake
4163,white,fake
4164,coronavirus,fake
4165,wuhan,fake
4166,now,fake
4167,our,real
4168,there,real
4169,the,real
4170,our,real
4171,as,real
4172,covid,fake
4173,current,real
4174,23k,real
4175,group,real
4176,video,fake
4177,over,real
4178,indiafightscorona,real
4179,all,fake
4180,indiafightscorona,real
4181,image,fake
4182,covid19,real
4183,coronavirusupdate,real
4184,covid19,fake
4185,start,fake
4186,accord,fake
4187,asxgold,real
4188,the,real
4189,goi,real
4190,under,fake
4191,onion,fake
4192,the,real
4193,coronavirusupdates,real
4194,faheemyounu,fake
4195,johnkin17583856,real
4196,president,fake
4197,a,fake
4198,rt,real
4199,yesterday,real
4200,president,fake
4201,muslims,fake
4202,wuhan,fake
4203,rt,real
4204,a,fake
4205,to,real
4206,new,fake
4207,news,fake
4208,droz,fake
4209,increase,fake
4210,auckland,real
4211,our,real
4212,most,fake
4213,9,real
4214,the,real
4215,an,real
4216,coronavirusupdates,real
4217,the,real
4218,a,fake
4219,rt,real
4220,avoid,fake
4221,video,fake
4222,what,real
4223,a,fake
4224,there,real
4225,coronavirus,real
4226,equitable,real
4227,cdc,real
4228,in,fake
4229,soros,fake
4230,a,real
4231,eight,real
4232,the,real
4233,our,real
4234,ten,real
4235,the,real
4236,acc,real
4237,place,fake
4238,factor,real
4239,yesterday,real
4240,people,fake
4241,a,fake
4242,michigan,fake
4243,say,fake
4244,covid19,fake
4245,coronavirusupdates,real
4246,french,fake
4247,note,real
4248,pm,fake
4249,we,real
4250,here,fake
4251,the,real
4252,cdc,fake
4253,14,real
4254,news,fake
4255,coronavirus,real
4256,coronavirus,fake
4257,a,fake
4258,covid19,real
4259,the,real
4260,once,real
4261,nation,fake
4262,know,real
4263,my,fake
4264,chinese,fake
4265,potential,real
4266,our,real
4267,osha,fake
4268,claim,fake
4269,industrial,fake
4270,rt,real
4271,five,fake
4272,from,fake
4273,4,real
4274,we,real
4275,coronavirus,fake
4276,at,real
4277,rt,real
4278,in,real
4279,death,fake
4280,jamiehartley10,fake
4281,disregard,real
4282,the,real
4283,india,real
4284,rt,real
4285,the,real
4286,waterford,fake
4287,coronavirusupdates,real
4288,about,real
4289,news,fake
4290,cumulative,real
4291,the,real
4292,update,real
4293,walmart,fake
4294,a,fake
4295,the,fake
4296,2,real
4297,hospital,fake
4298,coronavirus,real
4299,a,fake
4300,image,fake
4301,410,real
4302,no,fake
4303,indiafightscorona,real
4304,the,fake
4305,dr,real
4306,who,fake
4307,indiafightscorona,real
4308,a,real
4309,a,fake
4310,our,real
4311,telangana,fake
4312,coronavirus,fake
4313,today,real
4314,trump,fake
4315,about,real
4316,coronavirusupdates,real
4317,accord,fake
4318,the,real
4319,trump,fake
4320,oh,fake
4321,some,fake
4322,video,fake
4323,covid19,real
4324,coronaviru,real
4325,health,real
4326,with,real
4327,people,fake
4328,over,real
4329,please,real
4330,first,fake
4331,please,fake
4332,health,real
4333,our,real
4334,people,real
4335,mmmhappiness1,fake
4336,yesterday,real
4337,an,fake
4338,rt,real
4339,there,fake
4340,coronavirusupdates,real
4341,in,real
4342,robbiedocs,fake
4343,drink,fake
4344,nevada,fake
4345,we,fake
4346,news,fake
4347,an,fake
4348,local,fake
4349,a,fake
4350,to,real
4351,the,real
4352,matthancock,fake
4353,the,fake
4354,rt,real
4355,the,real
4356,why,fake
4357,twofold,real
4358,hcp,real
4359,between,fake
4360,in,real
4361,there,real
4362,our,real
4363,practice,real
4364,bill,fake
4365,we,fake
4366,news,fake
4367,unique,real
4368,a,fake
4369,covid19,real
4370,inconvenienttr5,fake
4371,pundit,fake
4372,before,fake
4373,for,real
4374,indiafightscorona,real
4375,break,real
4376,treat,real
4377,a,fake
4378,dyk,real
4379,coronavirus,real
4380,the,real
4381,india,fake
4382,the,fake
4383,the,real
4384,do,fake
4385,kylie,fake
4386,the,real
4387,the,real
4388,our,real
4389,since,real
4390,coronavirus,real
4391,over,real
4392,california,real
4393,osd,fake
4394,coronavirusupdates,real
4395,say,fake
4396,renowned,fake
4397,the,real
4398,there,fake
4399,as,real
4400,rt,fake
4401,icymi,fake
4402,jacob,real
4403,daily,real
4404,today,real
4405,an,real
4406,the,fake
4407,aiims,fake
4408,34000,real
4409,we,real
4410,the,real
4411,image,fake
4412,hackingdata,real
4413,in,fake
4414,an,fake
4415,rt,real
4416,the,fake
4417,break,fake
4418,there,real
4419,study,real
4420,trump,fake
4421,the,real
4422,we,real
4423,if,real
4424,track,real
4425,health,fake
4426,in,fake
4427,another,real
4428,man,fake
4429,and,real
4430,the,real
4431,kunfaaya,fake
4432,as,real
4433,could,real
4434,cabinet,real
4435,no,fake
4436,azithromycin,fake
4437,today,fake
4438,recipe,fake
4439,at,real
4440,separate,fake
4441,take,real
4442,florida,real
4443,see,fake
4444,russia,fake
4445,the,real
4446,I,fake
4447,the,fake
4448,illinois,real
4449,across,real
4450,jimcramer,fake
4451,as,real
4452,mathguy7,fake
4453,coronavirusupdates,real
4454,460,real
4455,the,fake
4456,9172020,fake
4457,over,fake
4458,five,fake
4459,the,fake
4460,colchicine,real
4461,give,real
4462,a,fake
4463,spain,fake
4464,military,fake
4465,this,fake
4466,what,real
4467,the,fake
4468,five,real
4469,it,real
4470,trump,fake
4471,watch,fake
4472,coronavirusupdates,real
4473,a,fake
4474,rt,real
4475,204,real
4476,gracieluann24,real
4477,325,real
4478,yesterday,real
4479,as,real
4480,nigeria,fake
4481,spain,fake
4482,covid19,fake
4483,indiafightscorona,real
4484,independent,fake
4485,a,fake
4486,claim,fake
4487,the,fake
4488,hospital,fake
4489,upon,real
4490,melburnian,fake
4491,patient,real
4492,indiafightscorona,real
4493,coronavirus,fake
4494,coronavirus,real
4495,cdc,fake
4496,indiafightscorona,real
4497,public,fake
4498,public,real
4499,an,fake
4500,indiafightscorona,real
4501,facewine,fake
4502,there,fake
4503,our,real
4504,a,fake
4505,film,fake
4506,broadly,real
4507,covid19nigeria,real
4508,you,fake
4509,govt,fake
4510,coronavirusupdates,real
4511,indiatv,fake
4512,man,fake
4513,if,real
4514,a,real
4515,we,fake
4516,crash,fake
4517,a,fake
4518,here,real
4519,rt,real
4520,boris,real
4521,the,real
4522,an,fake
4523,here,real
4524,update,real
4525,288,real
4526,people,fake
4527,sometimes,real
4528,we,real
4529,grow,real
4530,update,real
4531,white,fake
4532,after,real
4533,indiafightscorona,real
4534,john,real
4535,nine,real
4536,57,fake
4537,local,fake
4538,dr,fake
4539,tasuku,fake
4540,pms,real
4541,covid19,real
4542,a,real
4543,colorado,fake
4544,hcps,real
4545,tangerinelaw,real
4546,rt,real
4547,a,real
4548,kmedve,real
4549,nobody,fake
4550,state,real
4551,indiafightscorona,real
4552,proud,fake
4553,man,fake
4554,amitabh,fake
4555,doctor,fake
4556,today,real
4557,a,fake
4558,rt,real
4559,if,real
4560,rt,real
4561,arizonas,real
4562, ,real
4563,indiafightscorona,real
4564,rt,real
4565,former,fake
4566,rt,real
4567,can,fake
4568,coronavirus,real
4569,guess,fake
4570,air,real
4571,russias,fake
4572,another,real
4573,a,fake
4574,icmr,fake
4575,prior,fake
4576,so,fake
4577,who,fake
4578,covid19,real
4579,jared,fake
4580,a,fake
4581,what,fake
4582,indiafightscorona,real
4583,chancellor,real
4584,290,real
4585,laredo,fake
4586,break,real
4587,anjan1588,real
4588,garlic,fake
4589,who,real
4590,one,real
4591,brazilian,fake
4592,in,fake
4593,as,real
4594,covid19,real
4595,advice,fake
4596,coronavirusupdates,real
4597,all,real
4598,chloroquine,real
4599,faheemyounus,fake
4600,bill,fake
4601,if,fake
4602,india,fake
4603,new,real
4604,for,real
4605,early,real
4606,rt,real
4607,tight,real
4608,covid19,fake
4609,coronavirus,fake
4610,hospital,fake
4611,trumps,fake
4612,the,real
4613,bat,fake
4614,nostradamus,fake
4615,some,fake
4616,as,fake
4617,114,real
4618,rt,real
4619,state,fake
4620,these,fake
4621,elisa,fake
4622,hue,fake
4623,238,real
4624,indiafightscorona,real
4625,disney,fake
4626,profkarolsikora,real
4627,bidensoetoro,fake
4628,say,fake
4629,no,real
4630,yogrishiramdev,fake
4631,as,real
4632,we,real
4633,rt,real
4634,the,fake
4635,a,fake
4636,for,real
4637,we,real
4638,an,fake
4639,bandhugan,fake
4640,the,real
4641,the,fake
4642,poll,real
4643,say,fake
4644,herd,fake
4645,indian,fake
4646,new,real
4647,video,fake
4648,exhaustion,real
4649,mustard,fake
4650,there,real
4651,in,fake
4652,when,real
4653,union,fake
4654,death,real
4655,sadly,real
4656,if,fake
4657,pakistans,fake
4658,the,real
4659,covid19,fake
4660,as,real
4661,indiafightscorona,real
4662,say,fake
4663,where,fake
4664,there,fake
4665,italians,fake
4666,israel,fake
4667,1,real
4668,six,fake
4669,illinois,real
4670,this,real
4671,panda,fake
4672,current,real
4673,wear,fake
4674,rt,real
4675,tb,real
4676,indiafightscorona,real
4677,putin,fake
4678,as,real
4679,you,real
4680,indiafightscorona,real
4681,15,fake
4682,with,real
4683,rt,real
4684,the,fake
4685,restaurant,real
4686,where,real
4687,coronavirus,real
4688,a,fake
4689,new,fake
4690,say,fake
4691,president,fake
4692,our,real
4693,58,fake
4694,doctor,fake
4695,italy,fake
4696,something,real
4697,onethird,fake
4698,franklin,fake
4699,new,real
4700,use,real
4701,in,fake
4702,over,real
4703,if,real
4704,free,fake
4705,increase,real
4706,a,fake
4707,govrondesantis,fake
4708,indiafightscorona,real
4709,state,real
4710,acc,real
4711,protestor,real
4712,our,real
4713,while,fake
4714,madhya,fake
4715,the,fake
4716,coronavirus,real
4717,our,real
4718,air,real
4719,indiafightscorona,real
4720,group,real
4721,there,real
4722,yesterday,real
4723,italian,fake
4724,heymanitshayden,real
4725,573,real
4726,whitwyatt,real
4727,the,fake
4728,in,fake
4729,hydroxychloroquineis,fake
4730,wear,fake
4731,drdavidsamadi,fake
4732,in,real
4733,donald,fake
4734,break,fake
4735,he,real
4736,I,real
4737,the,fake
4738,coronavirus,real
4739,there,real
4740,coronavirusupdates,real
4741,people,fake
4742,you,fake
4743,back,real
4744,camila,fake
4745,state,real
4746,a,fake
4747,the,fake
4748,we,real
4749,a,fake
4750,product,fake
4751,poll,fake
4752,we,real
4753,late,real
4754,yesterday,real
4755,photo,fake
4756,princess,fake
4757,three,real
4758,one,real
4759,suspect,fake
4760,break,fake
4761,a,real
4762,late,real
4763,newly,real
4764,covid19,real
4765,lockdown,fake
4766,someone,fake
4767,a,fake
4768,be,fake
4769,the,real
4770,rt,real
4771,tejinderssodhi,fake
4772,a,real
4773,andrew,real
4774,rt,real
4775,manufacturer,real
4776,kidneytransplant,fake
4777,trumps,fake
4778,texas,fake
4779,agree,fake
4780,rt,real
4781,one,fake
4782,rt,real
4783,we,real
4784,ncdcinthenews,real
4785,all,real
4786,plan,real
4787,food,fake
4788,local,fake
4789,156,real
4790,a,fake
4791,our,real
4792,the,fake
4793,we,fake
4794,update,real
4795,frontline,real
4796,coronavirus,real
4797,if,real
4798,scale,real
4799,our,real
4800,south,real
4801,501,real
4802,a,fake
4803,senegal,fake
4804,for,real
4805,state,real
4806,a,fake
4807,indiafightscorona,real
4808,video,fake
4809,indiafightscorona,real
4810,coronavirusupdates,real
4811,those,real
4812,our,real
4813,bill,fake
4814,local,fake
4815,god,fake
4816,railway,fake
4817,although,real
4818,yesterdays,real
4819,in,real
4820,we,real
4821,ok,real
4822,prime,real
4823,goodwill,fake
4824,official,fake
4825,the,real
4826,the,fake
4827,scaleup,real
4828,a,fake
4829,yesterday,real
4830,a,fake
4831,base,real
4832,update,real
4833,coronavirusupdates,real
4834,update,real
4835,with,fake
4836,a,fake
4837,bharat,fake
4838,the,real
4839,covid19,real
4840,indiafightscorona,real
4841,indias,fake
4842,president,fake
4843,rt,real
4844,because,real
4845,nashville,fake
4846,the,fake
4847,plandemic,fake
4848,saint,fake
4849, ,real
4850,the,real
4851,covid19,real
4852,pennsylvania,real
4853,there,fake
4854,esmo,real
4855,president,fake
4856,the,fake
4857,coronavirus,fake
4858,coronavirusupdate,real
4859,2nd,real
4860,texas,real
4861,yesterday,real
4862,mississippi,real
4863,779,real
4864,ghana,fake
4865,whatthebit,fake
4866,indiafightscorona,real
4867,nation,fake
4868,texas,real
4869,the,real
4870,break,fake
4871,today,real
4872,indiafightscorona,real
4873,on,fake
4874,the,fake
4875,indiafightscorona,real
4876,blind,fake
4877,an,fake
4878,a,fake
4879,coronavirusupdate,real
4880,all,fake
4881,54,real
4882,rt,real
4883,break,real
4884,as,real
4885,on,real
4886,rt,real
4887,how,fake
4888,old,real
4889,telemedicine,real
4890,rt,real
4891,we,fake
4892,yesterday,real
4893,intrepid,fake
4894,the,real
4895,the,real
4896,cocaine,fake
4897,tribal,real
4898,coronavirusupdates,real
4899,shanghai,fake
4900,false,fake
4901,mother,real
4902,the,real
4903,who,fake
4904,lemon,fake
4905,photo,fake
4906,anak2422anak,real
4907,people,fake
4908,supermarket,fake
4909,say,fake
4910,a,fake
4911,indiafightscorona,real
4912,realdonaldtrump,fake
4913,rt,real
4914,the,fake
4915,kenyas,fake
4916,nz,real
4917,about,real
4918,doctor,fake
4919,even,real
4920,as,real
4921,now,fake
4922,child,real
4923,covid19,real
4924,rt,real
4925,central,fake
4926,the,real
4927,indian,fake
4928,truth,fake
4929,covid19,real
4930,many,real
4931,a,fake
4932,coronavirus,real
4933,covid19,real
4934,though,real
4935,china,fake
4936,covid19,fake
4937,rt,real
4938,a,fake
4939,as,real
4940,indias,fake
4941,who,fake
4942,one,real
4943,claim,fake
4944,nashville,fake
4945,a,fake
4946,our,real
4947,rt,real
4948,48,fake
4949, ,real
4950,315,real
4951,please,real
4952,big,real
4953,indias,real
4954,do,real
4955,death,real
4956,76,real
4957,one,fake
4958,panama,fake
4959,as,fake
4960,a,fake
4961,many,real
4962,the,fake
4963,justin,fake
4964,the,real
4965,irish,fake
4966,maduro,fake
4967,indiafightscorona,real
4968,the,real
4969,rt,real
4970,if,fake
4971,italian,fake
4972,rt,fake
4973,rt,fake
4974,branderzy,fake
4975,on,real
4976,a,fake
4977,35,real
4978,my,fake
4979,say,fake
4980,coronavirusupdate,real
4981,mask,fake
4982,airborne,fake
4983,rt,real
4984,the,fake
4985,the,real
4986,at,real
4987,our,real
4988,some,fake
4989,covid,real
4990,say,fake
4991,say,fake
4992,indiafightscorona,real
4993,as,real
4994,dr,fake
4995,stopthespreadofcorona,fake
4996,bill,fake
4997,test,real
4998,claim,fake
4999,news,fake
5000,our,real
5001,coronavirus,fake
5002,say,fake
5003,this,fake
5004,rt,real
5005,rt,real
5006,the,fake
5007,drink,fake
5008,not,fake
5009,be,fake
5010,this,fake
5011,indiafightscorona,real
5012,there,real
5013,florida,real
5014,president,fake
5015,pm,fake
5016,new,real
5017,the,real
5018,some,real
5019,the,fake
5020,a,fake
5021,president,fake
5022,cdc,real
5023,our,real
5024,israel,real
5025,corona,fake
5026,284,real
5027,late,real
5028,news,fake
5029,the,real
5030,rt,real
5031,coronavirus,real
5032,fda,real
5033,rt,real
5034,if,real
5035,as,real
5036,n95,fake
5037,there,fake
5038,video,fake
5039,protester,real
5040,I,fake
5041,the,fake
5042,a,fake
5043,alcohol,fake
5044,as,real
5045,as,real
5046,this,real
5047,indiafightscorona,real
5048,a,fake
5049,cheap,real
5050,american,fake
5051,image,fake
5052,influenza,fake
5053,james,fake
5054,everyone,fake
5055,coronavirus,fake
5056,look,real
5057,a,real
5058,saketgokhale,real
5059,mandilovell,real
5060,the,real
5061,the,real
5062,georgia,real
5063,america,fake
5064,while,fake
5065,recent,real
5066,drink,fake
5067,our,real
5068,as,real
5069,with,fake
5070,rightmove,real
5071,survey,real
5072,break,real
5073,an,fake
5074,icmr,real
5075,see,real
5076,thousand,fake
5077,kochi,fake
5078,coronavirus,fake
5079,indian,fake
5080,our,real
5081,the,real
5082,phase,fake
5083,say,fake
5084,mumbai,fake
5085,image,fake
5086,two,real
5087,take,fake
5088,a,fake
5089,rt,real
5090,rt,real
5091,the,real
5092,joe,fake
5093,hotel,fake
5094,sadly,real
5095,coronavirusupdates,real
5096,canada,fake
5097,yesterday,real
5098,today,real
5099,we,real
5100,it,fake
5101,congress,fake
5102,a,fake
5103,a,fake
5104,only,real
5105,study,real
5106,bitter,fake
5107,contact,real
5108,yesterday,real
5109,there,real
5110,a,fake
5111,as,real
5112,covid,real
5113,rt,real
5114,piabizlaw,real
5115,indiafightscorona,real
5116,a,fake
5117,say,fake
5118,it,real
5119,narvuntien,fake
5120,rt,real
5121,globuleak,fake
5122,the,fake
5123,headache,real
5124,swasthabharat,real
5125,who,real
5126,break,fake
5127,rt,fake
5128,twentytwo,real
5129,rt,real
5130,two,real
5131,trump,fake
5132,who,fake
5133,prime,fake
5134,aadajoli,fake
5135,manir,fake
